ts_unix,ped_count,lat,lon,ts,clipID
1615680851972,1,32.88026395274796,-117.23313893775152,2021-03-14 00:14:11.972,cjd5dsseoh18v1l6
1615680850991,1,32.88024806397995,-117.23316571452897,2021-03-14 00:14:10.991,cjd5dsseoh18v1l6
1615680849971,1,32.88022755566206,-117.23320194181059,2021-03-14 00:14:09.971,cjd5dsseoh18v1l6
1615680848995,1,32.880203798700286,-117.23324646983343,2021-03-14 00:14:08.995,cjd5dsseoh18v1l6
1615680848032,1,32.880173293293424,-117.23330426758034,2021-03-14 00:14:08.032,cjd5dsseoh18v1l6
1615680846966,1,32.880140190889094,-117.23337962399069,2021-03-14 00:14:06.966,cjd5dsseoh18v1l6
1615680846090,1,32.88011542033681,-117.23345904750624,2021-03-14 00:14:06.090,cjd5dsseoh18v1l6
1483233178256,1,32.87690830854707,-117.22981150881719,2017-01-01 01:12:58.256,cb4nhcza0jo1mkrc
1483233181361,1,32.87667710496712,-117.22990865948401,2017-01-01 01:13:01.361,cb4nhcza0jo1mkrc
1483233182408,1,32.87659796677629,-117.22992613555849,2017-01-01 01:13:02.408,cb4nhcza0jo1mkrc
1612313824650,1,32.873211040118285,-117.23436396021243,2021-02-03 00:57:04.650,czv0fdhx5hr4f4gc
1612313833915,2,32.87219377156054,-117.23399523008881,2021-02-03 00:57:13.915,czv0fdhx5hr4f4gc
1612313832983,2,32.872277337830006,-117.23404037112788,2021-02-03 00:57:12.983,czv0fdhx5hr4f4gc
1612313832069,1,32.87236679595976,-117.23409102130442,2021-02-03 00:57:12.069,czv0fdhx5hr4f4gc
1612313831052,1,32.872471989192114,-117.23415104175078,2021-02-03 00:57:11.052,czv0fdhx5hr4f4gc
1612313825780,1,32.873087206058734,-117.23436362033684,2021-02-03 00:57:05.780,czv0fdhx5hr4f4gc
1616698462489,1,32.87752983064805,-117.22297198898129,2021-03-25 18:54:22.489,c863fxqgxuoocvq5
1616698461558,2,32.877540013932446,-117.22307221127407,2021-03-25 18:54:21.558,c863fxqgxuoocvq5
1616698460508,2,32.87755758698125,-117.22318616618963,2021-03-25 18:54:20.508,c863fxqgxuoocvq5
1616698459529,2,32.877576921505245,-117.22330024498513,2021-03-25 18:54:19.529,c863fxqgxuoocvq5
1612486111801,2,32.887528737926594,-117.23880495910463,2021-02-05 00:48:31.801,cvlvbss8wo21e5d4
1612486110751,2,32.88769132761902,-117.23881844450443,2021-02-05 00:48:30.751,cvlvbss8wo21e5d4
1616286541506,1,32.84057680575313,-117.27265781745555,2021-03-21 00:29:01.506,c240s35nnevvmhwa
1616286540525,2,32.840628270758096,-117.27265038074668,2021-03-21 00:29:00.525,c240s35nnevvmhwa
1483233177276,1,32.87697077254132,-117.22977142919076,2017-01-01 01:12:57.276,c3cv1rekz0jn1ebd
1483233176376,1,32.87702714762579,-117.22973505214222,2017-01-01 01:12:56.376,c3cv1rekz0jn1ebd
1483233175304,1,32.8770945311212,-117.22969608232208,2017-01-01 01:12:55.304,c3cv1rekz0jn1ebd
1483233174312,1,32.87714597984332,-117.22967053387787,2017-01-01 01:12:54.312,c3cv1rekz0jn1ebd
1483233173271,1,32.87719912514192,-117.22964731104051,2017-01-01 01:12:53.271,c3cv1rekz0jn1ebd
1483233172280,1,32.877255759026625,-117.22962609613813,2017-01-01 01:12:52.280,c3cv1rekz0jn1ebd
1483233171232,1,32.87731690419947,-117.22960719303286,2017-01-01 01:12:51.232,c3cv1rekz0jn1ebd
1616698684115,1,32.869469034690965,-117.21420015924164,2021-03-25 18:58:04.115,cy9ldg565rhwfncy
1616698289848,1,32.88103008589518,-117.22909553743996,2021-03-25 18:51:29.848,ceb175umoikz5c19
1616534906948,4,32.88299482376876,-117.2367381683755,2021-03-23 21:28:26.948,c4jkxqjdffnbtm87
1616534915204,2,32.88280373003902,-117.23597479826314,2021-03-23 21:28:35.204,c4jkxqjdffnbtm87
1616534914167,3,32.88280450841905,-117.23598939280285,2021-03-23 21:28:34.167,c4jkxqjdffnbtm87
1616534913171,5,32.88280574739165,-117.23601000992342,2021-03-23 21:28:33.171,c4jkxqjdffnbtm87
1616534912264,5,32.88280876839492,-117.23604930150866,2021-03-23 21:28:32.264,c4jkxqjdffnbtm87
1616534911347,4,32.88281652403377,-117.23611693820699,2021-03-23 21:28:31.347,c4jkxqjdffnbtm87
1616534910390,4,32.882831986065014,-117.23621070134425,2021-03-23 21:28:30.390,c4jkxqjdffnbtm87
1616534909147,4,32.882878313591696,-117.2363936974848,2021-03-23 21:28:29.147,c4jkxqjdffnbtm87
1616534908063,4,32.88292916248077,-117.23654718959976,2021-03-23 21:28:28.063,c4jkxqjdffnbtm87
1613871104447,1,32.87467437893437,-117.23367568122856,2021-02-21 01:31:44.447,cibibforba72pmlx
1613871105405,1,32.874792042822556,-117.23361701521952,2021-02-21 01:31:45.405,cibibforba72pmlx
1610059174843,1,32.876769761808426,-117.23263786736044,2021-01-07 22:39:34.843,c673utpbvqm5se9z
1610059184053,1,32.87678387686265,-117.232730667596,2021-01-07 22:39:44.053,c673utpbvqm5se9z
1610059183036,1,32.87678189628414,-117.23269765018335,2021-01-07 22:39:43.036,c673utpbvqm5se9z
1610059182090,1,32.87677705144858,-117.23266804600216,2021-01-07 22:39:42.090,c673utpbvqm5se9z
1610059181068,1,32.87677071170668,-117.23264358920298,2021-01-07 22:39:41.068,c673utpbvqm5se9z
1610059180144,1,32.87676945719673,-117.2326387533898,2021-01-07 22:39:40.144,c673utpbvqm5se9z
1610059179146,1,32.87676950790292,-117.23263865596886,2021-01-07 22:39:39.146,c673utpbvqm5se9z
1610059178116,1,32.87676957558545,-117.23263852523857,2021-01-07 22:39:38.116,c673utpbvqm5se9z
1610059177023,1,32.876769662497594,-117.23263838652218,2021-01-07 22:39:37.023,c673utpbvqm5se9z
1610059175861,1,32.87676975629655,-117.23263812799743,2021-01-07 22:39:35.861,c673utpbvqm5se9z
1613158931852,1,32.880846816657254,-117.23025960209252,2021-02-12 19:42:11.852,c7868unpeoikogoz
1613158940750,1,32.880846757995876,-117.23025983485792,2021-02-12 19:42:20.750,c7868unpeoikogoz
1613158939539,1,32.88084678933298,-117.23025977035029,2021-02-12 19:42:19.539,c7868unpeoikogoz
1613158938219,1,32.8808468179217,-117.23025973976827,2021-02-12 19:42:18.219,c7868unpeoikogoz
1613158937254,1,32.880846852044556,-117.23025975588877,2021-02-12 19:42:17.254,c7868unpeoikogoz
1613158936392,1,32.88084686292613,-117.23025976728123,2021-02-12 19:42:16.392,c7868unpeoikogoz
1613158935520,1,32.88084685501938,-117.2302597535697,2021-02-12 19:42:15.520,c7868unpeoikogoz
1613158934704,1,32.8808468513414,-117.23025973295788,2021-02-12 19:42:14.704,c7868unpeoikogoz
1613158933887,1,32.88084684588609,-117.23025970172912,2021-02-12 19:42:13.887,c7868unpeoikogoz
1613158933057,1,32.880846837683904,-117.23025966360771,2021-02-12 19:42:13.057,c7868unpeoikogoz
4925062799844,1,32.87684966254941,-117.2331087153505,2126-01-26 00:59:59.844,cjcg3h3vkzbzpd2y
4925062805152,1,32.87684972500339,-117.23310940639445,2126-01-26 01:00:05.152,cjcg3h3vkzbzpd2y
4925062804163,1,32.876849744998665,-117.23310926481085,2126-01-26 01:00:04.163,cjcg3h3vkzbzpd2y
4925062803108,1,32.876849782416954,-117.23310914544693,2126-01-26 01:00:03.108,cjcg3h3vkzbzpd2y
4925062802106,1,32.876849805605566,-117.23310902024977,2126-01-26 01:00:02.106,cjcg3h3vkzbzpd2y
4925062800976,1,32.87684976959007,-117.23310888974044,2126-01-26 01:00:00.976,cjcg3h3vkzbzpd2y
1612483244502,1,32.87685832198191,-117.23313496701981,2021-02-05 00:00:44.502,camvc7x010elxyiv
1612483253552,2,32.876858906099265,-117.23313556526807,2021-02-05 00:00:53.552,camvc7x010elxyiv
1612483252554,2,32.876858825201985,-117.23313549652596,2021-02-05 00:00:52.554,camvc7x010elxyiv
1612483251599,1,32.876858717548735,-117.23313541254039,2021-02-05 00:00:51.599,camvc7x010elxyiv
1612483250672,1,32.87685862807954,-117.23313535212976,2021-02-05 00:00:50.672,camvc7x010elxyiv
1612483249751,1,32.876858580390575,-117.2331352860619,2021-02-05 00:00:49.751,camvc7x010elxyiv
1612483248723,1,32.87685852992267,-117.23313521243234,2021-02-05 00:00:48.723,camvc7x010elxyiv
1612483247607,1,32.87685846708533,-117.23313511781859,2021-02-05 00:00:47.607,camvc7x010elxyiv
1612483246585,1,32.876858391221354,-117.2331350603594,2021-02-05 00:00:46.585,camvc7x010elxyiv
1612483245521,1,32.87685833797218,-117.23313501524069,2021-02-05 00:00:45.521,camvc7x010elxyiv
1612317568055,1,32.8806,-117.2309,2021-02-03 01:59:28.055,cqb7f8ompixqgorc
1612317576261,1,32.8804,-117.2314,2021-02-03 01:59:36.261,cqb7f8ompixqgorc
1612317575150,1,32.8805,-117.2313,2021-02-03 01:59:35.150,cqb7f8ompixqgorc
1612317574167,1,32.8805,-117.2312,2021-02-03 01:59:34.167,cqb7f8ompixqgorc
1612317573138,1,32.8805,-117.2311,2021-02-03 01:59:33.138,cqb7f8ompixqgorc
1612317572154,2,32.8805,-117.23100000000001,2021-02-03 01:59:32.154,cqb7f8ompixqgorc
1612317571092,2,32.8806,-117.23100000000001,2021-02-03 01:59:31.092,cqb7f8ompixqgorc
1612317570069,2,32.8806,-117.23100000000001,2021-02-03 01:59:30.069,cqb7f8ompixqgorc
1612317569038,1,32.8806,-117.2309,2021-02-03 01:59:29.038,cqb7f8ompixqgorc
1616287597988,8,32.85370339241557,-117.25658166201357,2021-03-21 00:46:37.988,cmz7gbw5m672sx4d
1616287607211,20,32.85389140563673,-117.25660479483982,2021-03-21 00:46:47.211,cmz7gbw5m672sx4d
1616287606076,16,32.85384281148481,-117.25659622331348,2021-03-21 00:46:46.076,cmz7gbw5m672sx4d
1616287605093,10,32.85381433997157,-117.2565947029191,2021-03-21 00:46:45.093,cmz7gbw5m672sx4d
1616287604152,11,32.85379187763734,-117.25659399218452,2021-03-21 00:46:44.152,cmz7gbw5m672sx4d
1616287603278,9,32.853778672069176,-117.25659298238124,2021-03-21 00:46:43.278,cmz7gbw5m672sx4d
1616287602199,6,32.85376957674486,-117.25659204128466,2021-03-21 00:46:42.199,cmz7gbw5m672sx4d
1616287601238,3,32.85375429968464,-117.25659013777704,2021-03-21 00:46:41.238,cmz7gbw5m672sx4d
1616287600193,5,32.85373838047038,-117.25658795893335,2021-03-21 00:46:40.193,cmz7gbw5m672sx4d
1616287599185,5,32.853722838499834,-117.25658533737064,2021-03-21 00:46:39.185,cmz7gbw5m672sx4d
1483233228385,2,32.87680215374338,-117.23289006402271,2017-01-01 01:13:48.385,cevxl9ehab03uwv2
1483233237428,2,32.87680174510084,-117.23288981192779,2017-01-01 01:13:57.428,cevxl9ehab03uwv2
1483233236593,2,32.87680171472222,-117.23288988043863,2017-01-01 01:13:56.593,cevxl9ehab03uwv2
1483233235614,2,32.87680169129369,-117.23288995304712,2017-01-01 01:13:55.614,cevxl9ehab03uwv2
1483233234614,2,32.876801723951594,-117.23289000720855,2017-01-01 01:13:54.614,cevxl9ehab03uwv2
1483233233575,2,32.87680179907195,-117.23289002387241,2017-01-01 01:13:53.575,cevxl9ehab03uwv2
1483233232509,2,32.87680190831741,-117.23289000994663,2017-01-01 01:13:52.509,cevxl9ehab03uwv2
1483233231506,2,32.87680200917466,-117.23288998064362,2017-01-01 01:13:51.506,cevxl9ehab03uwv2
1483233230511,2,32.87680209080796,-117.23288996205194,2017-01-01 01:13:50.511,cevxl9ehab03uwv2
1483233229380,2,32.87680216313197,-117.2328900010099,2017-01-01 01:13:49.380,cevxl9ehab03uwv2
1611883295883,1,32.86681331796808,-117.19788228644352,2021-01-29 01:21:35.883,c1gt033903vh422s
1611883296939,1,32.866692502860104,-117.1980020900367,2021-01-29 01:21:36.939,c1gt033903vh422s
1612317236355,1,32.87866858697398,-117.21966722791218,2021-02-03 01:53:56.355,cdm3r7csyy4lhd6y
1612317235394,1,32.87866897544519,-117.21963685493893,2021-02-03 01:53:55.394,cdm3r7csyy4lhd6y
1612317234460,1,32.878669197633826,-117.21961929450369,2021-02-03 01:53:54.460,cdm3r7csyy4lhd6y
1612317233318,1,32.878669328762754,-117.21961579984035,2021-02-03 01:53:53.318,cdm3r7csyy4lhd6y
1612317232325,1,32.878669470461155,-117.2196156083917,2021-02-03 01:53:52.325,cdm3r7csyy4lhd6y
1612485998305,2,32.88091484796989,-117.2438094948839,2021-02-05 00:46:38.305,cf1cyo8222rsb0cy
1612486007543,2,32.88091589564055,-117.24381189492779,2021-02-05 00:46:47.543,cf1cyo8222rsb0cy
1612486006595,3,32.88091574477718,-117.24381181449499,2021-02-05 00:46:46.595,cf1cyo8222rsb0cy
1612486005608,3,32.88091562267374,-117.24381157821264,2021-02-05 00:46:45.608,cf1cyo8222rsb0cy
1612486004495,3,32.880915495010036,-117.24381122146393,2021-02-05 00:46:44.495,cf1cyo8222rsb0cy
1612486003458,3,32.88091536135557,-117.24381079455608,2021-02-05 00:46:43.458,cf1cyo8222rsb0cy
1612486002395,3,32.88091527905725,-117.24381037080023,2021-02-05 00:46:42.395,cf1cyo8222rsb0cy
1612486001456,3,32.88091519722229,-117.24380998306887,2021-02-05 00:46:41.456,cf1cyo8222rsb0cy
1612486000404,3,32.88091513485519,-117.24380972695965,2021-02-05 00:46:40.404,cf1cyo8222rsb0cy
1612485999338,3,32.88091503003465,-117.24380957525608,2021-02-05 00:46:39.338,cf1cyo8222rsb0cy
1616287370740,1,32.84233684406378,-117.27313264373768,2021-03-21 00:42:50.740,cwh76n02u61mjx6x
1616287369704,1,32.84233681052236,-117.27313259810785,2021-03-21 00:42:49.704,cwh76n02u61mjx6x
1616287372623,1,32.84233687406313,-117.27313265095735,2021-03-21 00:42:52.623,cwh76n02u61mjx6x
4925062669611,1,32.88048335140514,-117.2311074785141,2126-01-26 00:57:49.611,ckj7yhct42ke61r8
4925062675678,1,32.88068464307761,-117.23060531431034,2126-01-26 00:57:55.678,ckj7yhct42ke61r8
4925062674740,1,32.88063620170547,-117.23071431725269,2126-01-26 00:57:54.740,ckj7yhct42ke61r8
4925062673708,1,32.88059319775327,-117.230812962522,2126-01-26 00:57:53.708,ckj7yhct42ke61r8
4925062672664,2,32.88055659795881,-117.2309015857678,2126-01-26 00:57:52.664,ckj7yhct42ke61r8
4925062671672,1,32.88052582141431,-117.23098086107453,2126-01-26 00:57:51.672,ckj7yhct42ke61r8
4925062670615,2,32.88050136758292,-117.23105042005648,2126-01-26 00:57:50.615,ckj7yhct42ke61r8
1616702116592,1,32.876180328613984,-117.23028606660343,2021-03-25 19:55:16.592,cip47nvur6e74789
1616702118532,1,32.87617400830298,-117.23022537671021,2021-03-25 19:55:18.532,cip47nvur6e74789
1616702117530,1,32.87617676416513,-117.2302535855359,2021-03-25 19:55:17.530,cip47nvur6e74789
1616368216658,3,32.86227576077858,-117.21135333144038,2021-03-21 23:10:16.658,c3u4xkju16f5ivcc
1616368215578,3,32.862455053062085,-117.2115383199134,2021-03-21 23:10:15.578,c3u4xkju16f5ivcc
1616368214714,2,32.86255135504629,-117.21163146278748,2021-03-21 23:10:14.714,c3u4xkju16f5ivcc
1616368213542,2,32.86273156673243,-117.21179425173406,2021-03-21 23:10:13.542,c3u4xkju16f5ivcc
1616368212646,2,32.86283265595809,-117.21188037206858,2021-03-21 23:10:12.646,c3u4xkju16f5ivcc
1612140674173,1,32.8769,-117.2178,2021-02-01 00:51:14.173,cfat3ru30wtj81an
1616534535301,2,32.86663694154288,-117.24977052603545,2021-03-23 21:22:15.301,c0eyi3xbeszjylx5
1616287315462,1,32.842551602240405,-117.27320546385315,2021-03-21 00:41:55.462,c1pq5gzob136hbn6
1613871114457,1,32.876052969364274,-117.23340173594015,2021-02-21 01:31:54.457,cfgh9gx45rkdnewz
1613871113549,1,32.87593281931586,-117.23340185586927,2021-02-21 01:31:53.549,cfgh9gx45rkdnewz
1613871115388,1,32.876168233596005,-117.23339748538784,2021-02-21 01:31:55.388,cfgh9gx45rkdnewz
1616287267100,3,32.845048768009825,-117.27414587371136,2021-03-21 00:41:07.100,cupf8pourfz4o5db
1616287273582,2,32.845038909699966,-117.27407683027107,2021-03-21 00:41:13.582,cupf8pourfz4o5db
1616287272332,2,32.84504831823899,-117.27411182237837,2021-03-21 00:41:12.332,cupf8pourfz4o5db
1616287271295,2,32.84504930887421,-117.27412903990374,2021-03-21 00:41:11.295,cupf8pourfz4o5db
1616287270278,2,32.84504918063042,-117.27413789161156,2021-03-21 00:41:10.278,cupf8pourfz4o5db
1616287269317,1,32.84504902649779,-117.27414167619612,2021-03-21 00:41:09.317,cupf8pourfz4o5db
1616287268227,1,32.84504891691131,-117.27414340797236,2021-03-21 00:41:08.227,cupf8pourfz4o5db
1616534086894,1,32.84299111779848,-117.27177154501051,2021-03-23 21:14:46.894,ckhkkr5uo19c78vl
1615680872914,1,32.88025052014955,-117.23184907366905,2021-03-14 00:14:32.914,ccx21egkatxpnj0c
1615680878129,1,32.88038190891239,-117.23140250980822,2021-03-14 00:14:38.129,ccx21egkatxpnj0c
1615680877210,1,32.88035334110268,-117.23148833122069,2021-03-14 00:14:37.210,ccx21egkatxpnj0c
1615680876157,1,32.88032590619876,-117.23157594670894,2021-03-14 00:14:36.157,ccx21egkatxpnj0c
1615680875160,1,32.88030006709896,-117.23166286003212,2021-03-14 00:14:35.160,ccx21egkatxpnj0c
1615680873952,1,32.88027433404075,-117.23175682819712,2021-03-14 00:14:33.952,ccx21egkatxpnj0c
1613162414178,2,32.88083418474307,-117.23039797497513,2021-02-12 20:40:14.178,ck8pm4roew14ytbn
1616367716255,1,32.85256681418501,-117.19125120826756,2021-03-21 23:01:56.255,cbk8c1n1299xduqt
1616367719274,1,32.85257060925282,-117.19123930538586,2021-03-21 23:01:59.274,cbk8c1n1299xduqt
1613866291720,1,32.87669801433358,-117.23267152647725,2021-02-21 00:11:31.720,cji5qsagh8k386bh
1613866290722,1,32.876726370562594,-117.23282469528057,2021-02-21 00:11:30.722,cji5qsagh8k386bh
4925062709557,1,32.87915640768258,-117.2291331166758,2126-01-26 00:58:29.557,c9llgqdk66mdk381
1616286426057,1,32.84849468548113,-117.26388119350719,2021-03-21 00:27:06.057,c7ahpez6ehqonv7d
1611883932471,1,32.8802,-117.2346,2021-01-29 01:32:12.471,cm0hzagmy8st3mj4
1611883931554,1,32.8802,-117.2346,2021-01-29 01:32:11.554,cm0hzagmy8st3mj4
1611883930590,1,32.8801,-117.2346,2021-01-29 01:32:10.590,cm0hzagmy8st3mj4
1611883929669,1,32.8801,-117.2346,2021-01-29 01:32:09.669,cm0hzagmy8st3mj4
1611883928577,1,32.8801,-117.2345,2021-01-29 01:32:08.577,cm0hzagmy8st3mj4
1611883927581,1,32.8801,-117.2344,2021-01-29 01:32:07.581,cm0hzagmy8st3mj4
1611883926502,3,32.8801,-117.2343,2021-01-29 01:32:06.502,cm0hzagmy8st3mj4
1611883925510,5,32.8801,-117.2342,2021-01-29 01:32:05.510,cm0hzagmy8st3mj4
1611883924427,1,32.8801,-117.2341,2021-01-29 01:32:04.427,cm0hzagmy8st3mj4
1616532002556,1,32.875081198350216,-117.23352801030478,2021-03-23 20:40:02.556,cntdgu4jsg238fkt
4925062769874,2,32.876852346418616,-117.23310677944643,2126-01-26 00:59:29.874,cupjdc3z78rqlp68
4925062778868,2,32.876851940184046,-117.23310850199393,2126-01-26 00:59:38.868,cupjdc3z78rqlp68
4925062777952,2,32.87685198970952,-117.23310834595458,2126-01-26 00:59:37.952,cupjdc3z78rqlp68
4925062777028,2,32.876851984809434,-117.2331081826264,2126-01-26 00:59:37.028,cupjdc3z78rqlp68
4925062776119,2,32.87685200412856,-117.23310805412048,2126-01-26 00:59:36.119,cupjdc3z78rqlp68
4925062775143,2,32.876852003177675,-117.233107894394,2126-01-26 00:59:35.143,cupjdc3z78rqlp68
4925062774142,2,32.8768519558246,-117.23310769330178,2126-01-26 00:59:34.142,cupjdc3z78rqlp68
4925062773008,2,32.876851926845625,-117.23310733184697,2126-01-26 00:59:33.008,cupjdc3z78rqlp68
4925062772015,2,32.87685200166824,-117.2331070895722,2126-01-26 00:59:32.015,cupjdc3z78rqlp68
4925062770891,2,32.8768521511454,-117.23310690522014,2126-01-26 00:59:30.891,cupjdc3z78rqlp68
1613159011026,1,32.87633405330505,-117.22992506360242,2021-02-12 19:43:31.026,cz1jc9gq7mqrgyjc
1613159009909,1,32.876341344834685,-117.22992485138585,2021-02-12 19:43:29.909,cz1jc9gq7mqrgyjc
1613159008946,1,32.87634718223655,-117.22992556190098,2021-02-12 19:43:28.946,cz1jc9gq7mqrgyjc
1613159007932,1,32.87634362160873,-117.22992319628159,2021-02-12 19:43:27.932,cz1jc9gq7mqrgyjc
1613159006757,1,32.876342859907844,-117.2299218317039,2021-02-12 19:43:26.757,cz1jc9gq7mqrgyjc
1614905948251,1,32.87912152829955,-117.22914573068323,2021-03-05 00:59:08.251,cgvcoqdakpv2mwjj
1611352613163,1,32.87894235086845,-117.22221588854092,2021-01-22 21:56:53.163,cw8xzpr7f3gies17
1611352614121,1,32.878942384272534,-117.22221587222653,2021-01-22 21:56:54.121,cw8xzpr7f3gies17
1611881777918,5,32.87685376958713,-117.23311320783779,2021-01-29 00:56:17.918,cjrwwfsklc35urh0
1611881787116,5,32.87685234961213,-117.23311367688268,2021-01-29 00:56:27.116,cjrwwfsklc35urh0
1611881786135,5,32.87685235096235,-117.23311374340919,2021-01-29 00:56:26.135,cjrwwfsklc35urh0
1611881785173,5,32.87685237832455,-117.23311379123314,2021-01-29 00:56:25.173,cjrwwfsklc35urh0
1611881784217,5,32.87685248471019,-117.23311380149276,2021-01-29 00:56:24.217,cjrwwfsklc35urh0
1611881783202,5,32.87685261889714,-117.23311375151371,2021-01-29 00:56:23.202,cjrwwfsklc35urh0
1611881782131,5,32.876852806482056,-117.23311365839355,2021-01-29 00:56:22.131,cjrwwfsklc35urh0
1611881781117,5,32.87685303146927,-117.23311355057264,2021-01-29 00:56:21.117,cjrwwfsklc35urh0
1611881780042,5,32.8768532604429,-117.23311346360448,2021-01-29 00:56:20.042,cjrwwfsklc35urh0
1611881779027,5,32.87685348996888,-117.23311336824841,2021-01-29 00:56:19.027,cjrwwfsklc35urh0
1616287932590,3,32.855341092891386,-117.25748126935488,2021-03-21 00:52:12.590,cfwdsg9llthn6oek
1616287931708,2,32.855341976480425,-117.25748255450442,2021-03-21 00:52:11.708,cfwdsg9llthn6oek
1616287930733,1,32.855346129444925,-117.25749009749417,2021-03-21 00:52:10.733,cfwdsg9llthn6oek
1616287929805,1,32.85535440239667,-117.25750545117313,2021-03-21 00:52:09.805,cfwdsg9llthn6oek
1616287927850,2,32.85537951467764,-117.25755853917644,2021-03-21 00:52:07.850,cfwdsg9llthn6oek
1616287926932,4,32.85539297834814,-117.25758585865637,2021-03-21 00:52:06.932,cfwdsg9llthn6oek
1616287925844,2,32.85540559379106,-117.25760456661631,2021-03-21 00:52:05.844,cfwdsg9llthn6oek
1616287924747,1,32.85541648886754,-117.25761397278706,2021-03-21 00:52:04.747,cfwdsg9llthn6oek
1612660374735,1,32.87616641410978,-117.23009423790462,2021-02-07 01:12:54.735,cpnzdyztttyh2h9z
1612660375761,1,32.876166416898236,-117.23009431984137,2021-02-07 01:12:55.761,cpnzdyztttyh2h9z
1611883893265,2,32.8804,-117.2316,2021-01-29 01:31:33.265,c0imwqpwewlqor0z
1611883902458,1,32.8802,-117.2324,2021-01-29 01:31:42.458,c0imwqpwewlqor0z
1611883900590,1,32.8802,-117.2322,2021-01-29 01:31:40.590,c0imwqpwewlqor0z
1611883899497,1,32.8802,-117.2322,2021-01-29 01:31:39.497,c0imwqpwewlqor0z
1611883898397,1,32.8802,-117.2321,2021-01-29 01:31:38.397,c0imwqpwewlqor0z
1611883897402,1,32.8802,-117.23200000000001,2021-01-29 01:31:37.402,c0imwqpwewlqor0z
1611883895338,2,32.8803,-117.2318,2021-01-29 01:31:35.338,c0imwqpwewlqor0z
1611883894267,2,32.8803,-117.2317,2021-01-29 01:31:34.267,c0imwqpwewlqor0z
1611350307312,1,32.88083912396595,-117.23025006295671,2021-01-22 21:18:27.312,cm56fg0xw32ouxk5
1611350316534,1,32.88084019144376,-117.2302536417276,2021-01-22 21:18:36.534,cm56fg0xw32ouxk5
1611350315450,1,32.88083994480583,-117.23025356977509,2021-01-22 21:18:35.450,cm56fg0xw32ouxk5
1611350314489,1,32.880839647606955,-117.23025337748687,2021-01-22 21:18:34.489,cm56fg0xw32ouxk5
1611350313489,1,32.88083939607276,-117.23025309033035,2021-01-22 21:18:33.489,cm56fg0xw32ouxk5
1611350312513,1,32.88083919452063,-117.23025272376772,2021-01-22 21:18:32.513,cm56fg0xw32ouxk5
1611350311494,1,32.880839041039486,-117.23025229802143,2021-01-22 21:18:31.494,cm56fg0xw32ouxk5
1611350310475,1,32.88083893347782,-117.23025178587505,2021-01-22 21:18:30.475,cm56fg0xw32ouxk5
1611350309493,1,32.88083893170225,-117.23025126845002,2021-01-22 21:18:29.493,cm56fg0xw32ouxk5
1611350308305,1,32.88083899611918,-117.23025066540792,2021-01-22 21:18:28.305,cm56fg0xw32ouxk5
1616975245143,1,32.872261526586854,-117.23393474195544,2021-03-28 23:47:25.143,cn2criqbkdf6sjek
1616975244333,1,32.872142541046856,-117.2338732537332,2021-03-28 23:47:24.333,cn2criqbkdf6sjek
4925066683720,1,32.88070092319562,-117.23066091992688,2126-01-26 02:04:43.720,chva801zlf6m2v8m
1616375002944,1,32.876655729215784,-117.21835740861172,2021-03-22 01:03:22.944,cotwacqc4cq09yq7
1616375001960,1,32.87665570882041,-117.21835742586313,2021-03-22 01:03:21.960,cotwacqc4cq09yq7
1616375001125,1,32.87665569092709,-117.21835744064876,2021-03-22 01:03:21.125,cotwacqc4cq09yq7
1616374999911,1,32.87665565127992,-117.21835743022771,2021-03-22 01:03:19.911,cotwacqc4cq09yq7
1616374998749,1,32.87665558970438,-117.21835739667256,2021-03-22 01:03:18.749,cotwacqc4cq09yq7
1611352501993,1,32.881380718981035,-117.22156788351795,2021-01-22 21:55:01.993,c3sj3na1duw2hv5d
1611352501073,1,32.881373985024325,-117.2214653867212,2021-01-22 21:55:01.073,c3sj3na1duw2hv5d
1611352500189,1,32.88137691134998,-117.221369063314,2021-01-22 21:55:00.189,c3sj3na1duw2hv5d
1611352499195,2,32.88138945620183,-117.2212783744664,2021-01-22 21:54:59.195,c3sj3na1duw2hv5d
1611352497993,2,32.881425847556585,-117.22115686269308,2021-01-22 21:54:57.993,c3sj3na1duw2hv5d
1611352497023,1,32.88146260592649,-117.22106966030891,2021-01-22 21:54:57.023,c3sj3na1duw2hv5d
1612483254322,1,32.876858966948404,-117.23313561456348,2021-02-05 00:00:54.322,cgdpztl3ben1y0tk
1612483263466,2,32.87685881452891,-117.23313542870588,2021-02-05 00:01:03.466,cgdpztl3ben1y0tk
1612483262628,3,32.87685889989496,-117.23313547751431,2021-02-05 00:01:02.628,cgdpztl3ben1y0tk
1612483261701,3,32.876858988037235,-117.2331355397548,2021-02-05 00:01:01.701,cgdpztl3ben1y0tk
1612483260614,3,32.87685908264622,-117.23313559551713,2021-02-05 00:01:00.614,cgdpztl3ben1y0tk
1612483259618,3,32.8768591509262,-117.2331356363924,2021-02-05 00:00:59.618,cgdpztl3ben1y0tk
1612483258543,2,32.87685918094337,-117.23313566378552,2021-02-05 00:00:58.543,cgdpztl3ben1y0tk
1612483257420,2,32.876859167521445,-117.23313565646565,2021-02-05 00:00:57.420,cgdpztl3ben1y0tk
1612483256399,2,32.876859116737606,-117.23313564753269,2021-02-05 00:00:56.399,cgdpztl3ben1y0tk
1612483255336,1,32.87685902732156,-117.23313565037748,2021-02-05 00:00:55.336,cgdpztl3ben1y0tk
1616287196079,4,32.844941097134864,-117.27464216354281,2021-03-21 00:39:56.079,cegt3hvai88toxqv
1616287195049,5,32.84493730052326,-117.27465905921007,2021-03-21 00:39:55.049,cegt3hvai88toxqv
1616287194024,5,32.844934252284354,-117.27467230107952,2021-03-21 00:39:54.024,cegt3hvai88toxqv
1616287192969,5,32.84493146730299,-117.27468462442828,2021-03-21 00:39:52.969,cegt3hvai88toxqv
1616287191998,5,32.84492895094477,-117.27469563536924,2021-03-21 00:39:51.998,cegt3hvai88toxqv
1616287190970,5,32.844926818427936,-117.2747048653609,2021-03-21 00:39:50.970,cegt3hvai88toxqv
1616287189957,5,32.844925065955714,-117.27471263133484,2021-03-21 00:39:49.957,cegt3hvai88toxqv
1612138386549,1,32.87759313401112,-117.22341175111907,2021-02-01 00:13:06.549,cx2e556wi7bcg0e5
1612138387526,1,32.87758092137419,-117.2233114184741,2021-02-01 00:13:07.526,cx2e556wi7bcg0e5
1612313754459,1,32.87685264510774,-117.23310855662895,2021-02-03 00:55:54.459,cur2f5khlysq6n3s
1612313763691,1,32.87685303034557,-117.23312027986596,2021-02-03 00:56:03.691,cur2f5khlysq6n3s
1612313762736,1,32.876853104736966,-117.2331202377665,2021-02-03 00:56:02.736,cur2f5khlysq6n3s
1612313761687,1,32.87685323482574,-117.233120139105,2021-02-03 00:56:01.687,cur2f5khlysq6n3s
1612313760682,1,32.87685342907073,-117.23311995004237,2021-02-03 00:56:00.682,cur2f5khlysq6n3s
1612313759558,1,32.876853774609245,-117.23311965372808,2021-02-03 00:55:59.558,cur2f5khlysq6n3s
1612313756557,1,32.87685367240639,-117.23311444498549,2021-02-03 00:55:56.557,cur2f5khlysq6n3s
1612313755492,1,32.876852735082736,-117.23310966476747,2021-02-03 00:55:55.492,cur2f5khlysq6n3s
1616531901495,1,32.876510017685625,-117.22993859870802,2021-03-23 20:38:21.495,chmlce27gnwt3n7v
1611352593100,3,32.87894515577093,-117.22221392912071,2021-01-22 21:56:33.100,c2rske9fja7yi9cq
1611352599291,1,32.8789418568521,-117.2222146065053,2021-01-22 21:56:39.291,c2rske9fja7yi9cq
1611352598228,1,32.87894188434821,-117.22221441195735,2021-01-22 21:56:38.228,c2rske9fja7yi9cq
1611352597219,1,32.878941913296266,-117.22221422723156,2021-01-22 21:56:37.219,c2rske9fja7yi9cq
1611352596154,1,32.878941935985196,-117.2222140559741,2021-01-22 21:56:36.154,c2rske9fja7yi9cq
1611352595164,3,32.87894192024543,-117.22221387522377,2021-01-22 21:56:35.164,c2rske9fja7yi9cq
1611352594104,3,32.878942091237505,-117.22221372857136,2021-01-22 21:56:34.104,c2rske9fja7yi9cq
1611883903301,1,32.8802,-117.2324,2021-01-29 01:31:43.301,cui23k0ews1tv8y0
1611883907572,1,32.8803,-117.2328,2021-01-29 01:31:47.572,cui23k0ews1tv8y0
1611883906511,1,32.8803,-117.2327,2021-01-29 01:31:46.511,cui23k0ews1tv8y0
1611883905511,1,32.8802,-117.2326,2021-01-29 01:31:45.511,cui23k0ews1tv8y0
1611883904399,1,32.8802,-117.2325,2021-01-29 01:31:44.399,cui23k0ews1tv8y0
1483235464075,1,32.87863804993756,-117.22199628670369,2017-01-01 01:51:04.075,cb63vh000bkjb519
1616287993613,2,32.85670311538086,-117.25602254728464,2021-03-21 00:53:13.613,c3i88l33p5fm5m6l
1616287995732,2,32.85670589279653,-117.25595013150257,2021-03-21 00:53:15.732,c3i88l33p5fm5m6l
1616287994731,1,32.85670429197795,-117.25597211343799,2021-03-21 00:53:14.731,c3i88l33p5fm5m6l
1616288583222,2,32.88607478776599,-117.2437724202054,2021-03-21 01:03:03.222,cm9iavty70fjlafl
1616288587201,1,32.88674512213334,-117.24375224576129,2021-03-21 01:03:07.201,cm9iavty70fjlafl
1613871124439,1,32.87678707109173,-117.23311836856257,2021-02-21 01:32:04.439,ck307kq2e5s1hgnr
1613871123451,1,32.876794641758245,-117.23322324926815,2021-02-21 01:32:03.451,ck307kq2e5s1hgnr
1613871125463,1,32.876759284255726,-117.23298644649826,2021-02-21 01:32:05.463,ck307kq2e5s1hgnr
1616286000384,1,32.872029228817446,-117.2339721002284,2021-03-21 00:20:00.384,cwq131v4vs7pn2gl
1616285996064,1,32.87203268958539,-117.23396940794996,2021-03-21 00:19:56.064,cwq131v4vs7pn2gl
1616285995046,1,32.87203377211929,-117.2339681682478,2021-03-21 00:19:55.046,cwq131v4vs7pn2gl
1616366006288,1,32.88006711814863,-117.22898582652078,2021-03-21 22:33:26.288,c1r3tdla7d6klva8
1616366005364,1,32.88018775628936,-117.22897192313087,2021-03-21 22:33:25.364,c1r3tdla7d6klva8
1611883785162,1,32.87664585673443,-117.23334258301071,2021-01-29 01:29:45.162,c3xr617eypf6qmne
1614545101063,1,32.85494021321653,-117.23723664273659,2021-02-28 20:45:01.063,coycdh212z475ma8
1612313744524,1,32.87685027518187,-117.23311167356695,2021-02-03 00:55:44.524,cbjk44ejfrec4wil
1612313753654,1,32.876852805178146,-117.23310851457674,2021-02-03 00:55:53.654,cbjk44ejfrec4wil
1612313752645,1,32.876853011447395,-117.23310851835629,2021-02-03 00:55:52.645,cbjk44ejfrec4wil
1612313751798,1,32.87685317858635,-117.23310865987696,2021-02-03 00:55:51.798,cbjk44ejfrec4wil
1612313750818,1,32.87685333533843,-117.23310895064995,2021-02-03 00:55:50.818,cbjk44ejfrec4wil
1612313749830,1,32.87685340806305,-117.23310932786801,2021-02-03 00:55:49.830,cbjk44ejfrec4wil
1612313748754,1,32.87685336140188,-117.23310978160283,2021-02-03 00:55:48.754,cbjk44ejfrec4wil
1612313747697,1,32.87685282949812,-117.23311053537148,2021-02-03 00:55:47.697,cbjk44ejfrec4wil
1612313746546,1,32.876852111360265,-117.23311109027077,2021-02-03 00:55:46.546,cbjk44ejfrec4wil
1612313745624,1,32.876851214284464,-117.23311149897509,2021-02-03 00:55:45.624,cbjk44ejfrec4wil
1616286057422,1,32.870714820857,-117.24017946202112,2021-03-21 00:20:57.422,cm56lkdal6o9q20l
1483233208296,1,32.87674717894275,-117.23255555691988,2017-01-01 01:13:28.296,cykmf42vtjffbt9g
1616367946942,1,32.85448729226612,-117.19909102143394,2021-03-21 23:05:46.942,cqx4ius6so96bqkh
1616367952235,1,32.85396161356613,-117.19921304811977,2021-03-21 23:05:52.235,cqx4ius6so96bqkh
1611883480376,3,32.868538985514824,-117.22319470132729,2021-01-29 01:24:40.376,c8ml8era8hcrue1p
1611883479452,3,32.86854054736643,-117.22310237193771,2021-01-29 01:24:39.452,c8ml8era8hcrue1p
1611883478360,3,32.86854218142373,-117.22299551308664,2021-01-29 01:24:38.360,c8ml8era8hcrue1p
1611883481381,3,32.86853695965796,-117.2233100846672,2021-01-29 01:24:41.381,c8ml8era8hcrue1p
1612657783114,1,32.876368426706726,-117.2298515711332,2021-02-07 00:29:43.114,cf4yvoz3xg1nxktw
1612657788440,1,32.87636794401984,-117.22985094552195,2021-02-07 00:29:48.440,cf4yvoz3xg1nxktw
1612657787319,1,32.87636803195031,-117.22985105380006,2021-02-07 00:29:47.319,cf4yvoz3xg1nxktw
1612657786384,1,32.876368091516355,-117.22985121891159,2021-02-07 00:29:46.384,cf4yvoz3xg1nxktw
1612657785381,1,32.876368177850324,-117.22985134953475,2021-02-07 00:29:45.381,cf4yvoz3xg1nxktw
1612657784140,1,32.87636828610563,-117.22985143087892,2021-02-07 00:29:44.140,cf4yvoz3xg1nxktw
1616534606127,2,32.87096916945428,-117.24360150717337,2021-03-23 21:23:26.127,cow2vcnbmtepqjpi
1616534615313,2,32.87097235130744,-117.24359477888069,2021-03-23 21:23:35.313,cow2vcnbmtepqjpi
1616534614233,2,32.870972408381085,-117.2435948049276,2021-03-23 21:23:34.233,cow2vcnbmtepqjpi
1616534613242,2,32.8709724236386,-117.24359483299307,2021-03-23 21:23:33.242,cow2vcnbmtepqjpi
1616534612198,2,32.87097251105871,-117.24359487395394,2021-03-23 21:23:32.198,cow2vcnbmtepqjpi
1616534611302,2,32.87097254732924,-117.24359495344628,2021-03-23 21:23:31.302,cow2vcnbmtepqjpi
1616534610366,2,32.87097260032446,-117.24359499890734,2021-03-23 21:23:30.366,cow2vcnbmtepqjpi
1616534609475,2,32.870972647681754,-117.24359500337351,2021-03-23 21:23:29.475,cow2vcnbmtepqjpi
1616534608395,2,32.87097271592884,-117.24359505467535,2021-03-23 21:23:28.395,cow2vcnbmtepqjpi
1616534607289,2,32.87097252532893,-117.2435954376805,2021-03-23 21:23:27.289,cow2vcnbmtepqjpi
3600047505155,1,32.872005355021656,-117.23392956770269,2084-01-30 05:11:45.155,clnc594z7fkrud3h
3600047514444,1,32.872004919654565,-117.2339301401588,2084-01-30 05:11:54.444,clnc594z7fkrud3h
3600047513523,1,32.87200453075219,-117.23393066060827,2084-01-30 05:11:53.523,clnc594z7fkrud3h
3600047512431,1,32.8720041403808,-117.23393119390556,2084-01-30 05:11:52.431,clnc594z7fkrud3h
3600047511275,1,32.872003769187444,-117.23393177666357,2084-01-30 05:11:51.275,clnc594z7fkrud3h
3600047510288,1,32.872003583019,-117.23393211982732,2084-01-30 05:11:50.288,clnc594z7fkrud3h
3600047509254,1,32.872003563320746,-117.23393227660452,2084-01-30 05:11:49.254,clnc594z7fkrud3h
3600047508254,1,32.8720037200584,-117.23393208305264,2084-01-30 05:11:48.254,clnc594z7fkrud3h
3600047507190,1,32.87200407727344,-117.23393159473106,2084-01-30 05:11:47.190,clnc594z7fkrud3h
3600047506256,1,32.872004631035985,-117.2339306926588,2084-01-30 05:11:46.256,clnc594z7fkrud3h
3600047493762,1,32.872156130041496,-117.23397021229765,2084-01-30 05:11:33.762,cgz6zoxdw4orflc4
3600047494507,1,32.872128041768,-117.23395818236438,2084-01-30 05:11:34.507,cgz6zoxdw4orflc4
1612485926383,1,32.87007046640976,-117.24228552365813,2021-02-05 00:45:26.383,cbltod3p3uj7oc9l
1612485927340,1,32.87014177484997,-117.24227574698769,2021-02-05 00:45:27.340,cbltod3p3uj7oc9l
1612138332377,2,32.87644917105961,-117.2265455749454,2021-02-01 00:12:12.377,cfecythh12ip365i
1612138331381,2,32.876400278798606,-117.22662510237612,2021-02-01 00:12:11.381,cfecythh12ip365i
1612138330322,2,32.876351320010244,-117.2267031139394,2021-02-01 00:12:10.322,cfecythh12ip365i
1612138329332,1,32.87630246348036,-117.2267804882688,2021-02-01 00:12:09.332,cfecythh12ip365i
1616287237085,6,32.84502570222252,-117.27427796289562,2021-03-21 00:40:37.085,ccwvanq897y62wmo
1616287246082,1,32.84503966206483,-117.27421505931684,2021-03-21 00:40:46.082,ccwvanq897y62wmo
1616287245132,3,32.84503452838239,-117.27423948592423,2021-03-21 00:40:45.132,ccwvanq897y62wmo
1616287244081,2,32.84503109732005,-117.27425466310522,2021-03-21 00:40:44.081,ccwvanq897y62wmo
1616287243228,4,32.84502954214516,-117.27426161629343,2021-03-21 00:40:43.228,ccwvanq897y62wmo
1616287242066,4,32.845027369158075,-117.27427110999909,2021-03-21 00:40:42.066,ccwvanq897y62wmo
1616287241118,7,32.845026195035004,-117.274275792703,2021-03-21 00:40:41.118,ccwvanq897y62wmo
1616287240119,5,32.845025689202146,-117.27427805950305,2021-03-21 00:40:40.119,ccwvanq897y62wmo
1616287239227,5,32.84502564889516,-117.27427807681154,2021-03-21 00:40:39.227,ccwvanq897y62wmo
1616287238331,6,32.84502566606797,-117.2742780387415,2021-03-21 00:40:38.331,ccwvanq897y62wmo
3600047419120,1,32.876280922526576,-117.22996043927247,2084-01-30 05:10:19.120,c5jzq0eg89s7y6o4
3600047422214,1,32.87626290442441,-117.23016381158077,2084-01-30 05:10:22.214,c5jzq0eg89s7y6o4
3600047421155,1,32.876251681743014,-117.2300754349493,2084-01-30 05:10:21.155,c5jzq0eg89s7y6o4
3600047420174,1,32.876256941948235,-117.230007197331,2084-01-30 05:10:20.174,c5jzq0eg89s7y6o4
1616285870111,1,32.88118112966039,-117.22929803188492,2021-03-21 00:17:50.111,ckei5tugi85eswut
1613159070245,1,32.873827247286236,-117.23421855362228,2021-02-12 19:44:30.245,cem6boe832gf39v2
1613159071164,1,32.87371889755803,-117.234268498717,2021-02-12 19:44:31.164,cem6boe832gf39v2
1613863314789,2,32.87398927718726,-117.20972422059073,2021-02-20 23:21:54.789,cous125lk5bwmqvs
1613863323674,2,32.8739894772403,-117.20972368879744,2021-02-20 23:22:03.674,cous125lk5bwmqvs
1613863322774,2,32.87398950616524,-117.20972371356345,2021-02-20 23:22:02.774,cous125lk5bwmqvs
1613863321790,2,32.87398952353861,-117.20972378023664,2021-02-20 23:22:01.790,cous125lk5bwmqvs
1613863320679,2,32.8739895214044,-117.20972390885497,2021-02-20 23:22:00.679,cous125lk5bwmqvs
1613863319672,2,32.87398951594143,-117.20972399232559,2021-02-20 23:21:59.672,cous125lk5bwmqvs
1613863318668,2,32.87398949504495,-117.209724086919,2021-02-20 23:21:58.668,cous125lk5bwmqvs
1613863317903,2,32.873989471442684,-117.20972417085457,2021-02-20 23:21:57.903,cous125lk5bwmqvs
1613863317010,2,32.873989433826864,-117.20972423253686,2021-02-20 23:21:57.010,cous125lk5bwmqvs
1614905981233,2,32.87638776152749,-117.22993928008673,2021-03-05 00:59:41.233,cwf0vuwcqvhkrq8x
1614905986699,1,32.87628610745349,-117.22997035003851,2021-03-05 00:59:46.699,cwf0vuwcqvhkrq8x
1614905985759,1,32.87631581820515,-117.22995103930609,2021-03-05 00:59:45.759,cwf0vuwcqvhkrq8x
1614905984635,1,32.876329863745816,-117.22994570593208,2021-03-05 00:59:44.635,cwf0vuwcqvhkrq8x
1614905983582,1,32.87634584034622,-117.22994186144544,2021-03-05 00:59:43.582,cwf0vuwcqvhkrq8x
1614905982412,1,32.876367708727464,-117.22993928879801,2021-03-05 00:59:42.412,cwf0vuwcqvhkrq8x
1616698564424,2,32.875101196641154,-117.21678659645815,2021-03-25 18:56:04.424,clnp8y697oe91ly7
1616698569660,2,32.87508295998768,-117.21583716757445,2021-03-25 18:56:09.660,clnp8y697oe91ly7
1616698568595,2,32.8750841511915,-117.21601903729072,2021-03-25 18:56:08.595,clnp8y697oe91ly7
1616698567540,2,32.875087721261835,-117.21619948058151,2021-03-25 18:56:07.540,clnp8y697oe91ly7
1616698566534,2,32.875093225454954,-117.21638278539564,2021-03-25 18:56:06.534,clnp8y697oe91ly7
1616698565623,2,32.875097692027644,-117.21654942365366,2021-03-25 18:56:05.623,clnp8y697oe91ly7
1613862901695,1,32.88028249980717,-117.23310633939505,2021-02-20 23:15:01.695,c3f9nx9dquwhvyou
1613862900719,1,32.880273004623746,-117.23312340982966,2021-02-20 23:15:00.719,c3f9nx9dquwhvyou
1613862902709,1,32.880293960116184,-117.23308089632887,2021-02-20 23:15:02.709,c3f9nx9dquwhvyou
1616375018484,1,32.876655997206804,-117.21835759061425,2021-03-22 01:03:38.484,cg8npiqmy7h55x4b
1616288517109,1,32.87624114221354,-117.24367638585241,2021-03-21 01:01:57.109,c4pg45yas4nspvw2
1616288518054,1,32.87635399256929,-117.2436846220812,2021-03-21 01:01:58.054,c4pg45yas4nspvw2
1610059154872,1,32.87655710675174,-117.23176221000617,2021-01-07 22:39:14.872,cvsi7eaid1t1v0uo
1610059163063,1,32.87672336112517,-117.23245433676556,2021-01-07 22:39:23.063,cvsi7eaid1t1v0uo
1610059162227,1,32.8767080634026,-117.2323909426092,2021-01-07 22:39:22.227,cvsi7eaid1t1v0uo
1610059161259,1,32.87669034969161,-117.23231676044495,2021-01-07 22:39:21.259,cvsi7eaid1t1v0uo
1610059160241,4,32.876671164588004,-117.23223564497272,2021-01-07 22:39:20.241,cvsi7eaid1t1v0uo
1610059159173,4,32.876653080850055,-117.23215827464877,2021-01-07 22:39:19.173,cvsi7eaid1t1v0uo
3600047314792,1,32.88015511864978,-117.23330413382428,2084-01-30 05:08:34.792,ccqqnmf98ixgvn7t
3600047323933,1,32.880299701257144,-117.23295100277849,2084-01-30 05:08:43.933,ccqqnmf98ixgvn7t
3600047322973,1,32.880304568295216,-117.23300080744382,2084-01-30 05:08:42.973,ccqqnmf98ixgvn7t
3600047322054,1,32.88029903254649,-117.23304654067805,2084-01-30 05:08:42.054,ccqqnmf98ixgvn7t
3600047321006,1,32.880282754964874,-117.2330864604196,2084-01-30 05:08:41.006,ccqqnmf98ixgvn7t
3600047319998,1,32.88026647089612,-117.2331099429958,2084-01-30 05:08:39.998,ccqqnmf98ixgvn7t
3600047318908,1,32.88025503928276,-117.23312434352543,2084-01-30 05:08:38.908,ccqqnmf98ixgvn7t
3600047317902,1,32.88023546342267,-117.2331562069022,2084-01-30 05:08:37.902,ccqqnmf98ixgvn7t
3600047316845,1,32.880213088502714,-117.23319537171798,2084-01-30 05:08:36.845,ccqqnmf98ixgvn7t
3600047315841,1,32.88018463123217,-117.23324569983973,2084-01-30 05:08:35.841,ccqqnmf98ixgvn7t
1483233226454,2,32.87680213622184,-117.2328900963852,2017-01-01 01:13:46.454,cqetgl3p3yhzgb14
1483233225525,1,32.876802113365606,-117.23289000572184,2017-01-01 01:13:45.525,cqetgl3p3yhzgb14
1483233227336,2,32.876802146742946,-117.23289010422155,2017-01-01 01:13:47.336,cqetgl3p3yhzgb14
1613162404024,2,32.88114238372126,-117.22971201701306,2021-02-12 20:40:04.024,c0hgwlfzypjd482y
1613162413351,4,32.880864594171484,-117.23033229900186,2021-02-12 20:40:13.351,c0hgwlfzypjd482y
1613162412477,3,32.88089424285886,-117.23026686587231,2021-02-12 20:40:12.477,c0hgwlfzypjd482y
1613162411573,3,32.88092323000446,-117.23020238382341,2021-02-12 20:40:11.573,c0hgwlfzypjd482y
1613162409557,1,32.880986177774844,-117.2300619813698,2021-02-12 20:40:09.557,c0hgwlfzypjd482y
1613162408414,1,32.88101888003828,-117.2299902537129,2021-02-12 20:40:08.414,c0hgwlfzypjd482y
1613162407436,1,32.88104712378544,-117.22992781098749,2021-02-12 20:40:07.436,c0hgwlfzypjd482y
1613162406397,2,32.881075047072045,-117.22986569701042,2021-02-12 20:40:06.397,c0hgwlfzypjd482y
1613162405314,2,32.88110463492536,-117.2297987684952,2021-02-12 20:40:05.314,c0hgwlfzypjd482y
1613162433288,1,32.880381397988536,-117.23148959278141,2021-02-12 20:40:33.288,cvbg87ky0jvygz3u
1616366403987,2,32.85679196287492,-117.22783145895269,2021-03-21 22:40:03.987,c9u98fc1ceksfgfi
1613158951669,1,32.88084767994849,-117.23025671974266,2021-02-12 19:42:31.669,c6z0ck532ftn043o
1613158960923,3,32.8811923617939,-117.22957322531671,2021-02-12 19:42:40.923,c6z0ck532ftn043o
1613158959843,2,32.88115590494841,-117.22965284276964,2021-02-12 19:42:39.843,c6z0ck532ftn043o
1613158958836,1,32.881114457270506,-117.22974414632908,2021-02-12 19:42:38.836,c6z0ck532ftn043o
1613158957915,1,32.88107201260756,-117.22983482079893,2021-02-12 19:42:37.915,c6z0ck532ftn043o
1613158956904,1,32.88102212323398,-117.22993924714216,2021-02-12 19:42:36.904,c6z0ck532ftn043o
1613158953727,1,32.8808799599254,-117.23019834292043,2021-02-12 19:42:33.727,c6z0ck532ftn043o
1613158952705,1,32.8808567164295,-117.23023731266207,2021-02-12 19:42:32.705,c6z0ck532ftn043o
1616367742751,1,32.85414499293291,-117.18805766793244,2021-03-21 23:02:22.751,cxya3xq3fxfioznv
4925062743803,1,32.876388397367435,-117.23106488508809,2126-01-26 00:59:03.803,ct3npuz0mpek1se8
4925062742802,1,32.876355631107614,-117.23088902619496,2126-01-26 00:59:02.802,ct3npuz0mpek1se8
1616701914296,1,32.86803506712318,-117.22015306185524,2021-03-25 19:51:54.296,c5v17d6ngf4lkw7r
1611350437642,2,32.87687622158928,-117.2331913056406,2021-01-22 21:20:37.642,colu449d1tvqs0t0
1611350441698,1,32.87683648984255,-117.23341874863104,2021-01-22 21:20:41.698,colu449d1tvqs0t0
1611350440749,1,32.876874299762946,-117.23337054387324,2021-01-22 21:20:40.749,colu449d1tvqs0t0
1611350439652,2,32.876890424932824,-117.2333087039718,2021-01-22 21:20:39.652,colu449d1tvqs0t0
1611350438697,1,32.876888518506796,-117.23324648745579,2021-01-22 21:20:38.697,colu449d1tvqs0t0
1611350392776,1,32.87627452681269,-117.23031080683468,2021-01-22 21:19:52.776,cx4oifrg6533nj5y
1611350389663,1,32.87624806007942,-117.23003426336788,2021-01-22 21:19:49.663,cx4oifrg6533nj5y
1611350388597,1,32.87628088450137,-117.22995990061321,2021-01-22 21:19:48.597,cx4oifrg6533nj5y
1614544961032,1,32.877101151079025,-117.2367218768091,2021-02-28 20:42:41.032,cevjyky3i2bziyn2
1614544960012,1,32.87710163935814,-117.23655409976212,2021-02-28 20:42:40.012,cevjyky3i2bziyn2
1614544959043,1,32.87710097523821,-117.23641461515358,2021-02-28 20:42:39.043,cevjyky3i2bziyn2
1614544957996,1,32.877098335580165,-117.23627503085665,2021-02-28 20:42:37.996,cevjyky3i2bziyn2
1614544956849,1,32.87709905278832,-117.2361409656283,2021-02-28 20:42:36.849,cevjyky3i2bziyn2
1616534064921,1,32.841618679337536,-117.27278512703822,2021-03-23 21:14:24.921,c91y21nufj6pcuj3
1616534073022,1,32.841933230634986,-117.27286664769608,2021-03-23 21:14:33.022,c91y21nufj6pcuj3
1616534071905,1,32.84188913315908,-117.27286382911178,2021-03-23 21:14:31.905,c91y21nufj6pcuj3
1616534070915,1,32.84184055649009,-117.27284969236848,2021-03-23 21:14:30.915,c91y21nufj6pcuj3
1616534067909,1,32.841697421820214,-117.27280633852502,2021-03-23 21:14:27.909,c91y21nufj6pcuj3
1616531989915,1,32.876547087294995,-117.23346811676608,2021-03-23 20:39:49.915,coss5imiw83igbwh
3600047342946,1,32.880380494163774,-117.23141347018606,2084-01-30 05:09:02.946,cntefzfoq2jrectt
3600047342032,1,32.88035411552631,-117.23149151352031,2084-01-30 05:09:02.032,cntefzfoq2jrectt
3600047341037,1,32.88032009949896,-117.23159940949408,2084-01-30 05:09:01.037,cntefzfoq2jrectt
3600047340070,1,32.88029633955688,-117.23168161208989,2084-01-30 05:09:00.070,cntefzfoq2jrectt
4925066599648,1,32.87675727828948,-117.23331878339614,2126-01-26 02:03:19.648,cd5yfxqux05fq773
4925066598644,1,32.87672095017893,-117.23333384209629,2126-01-26 02:03:18.644,cd5yfxqux05fq773
4925066597591,1,32.87668557704617,-117.23333844908804,2126-01-26 02:03:17.591,cd5yfxqux05fq773
4925066596532,1,32.87664189246367,-117.23334121235443,2126-01-26 02:03:16.532,cd5yfxqux05fq773
4925066595473,1,32.8765603448413,-117.23334585855257,2126-01-26 02:03:15.473,cd5yfxqux05fq773
1616287141018,1,32.8444764171432,-117.27665066335764,2021-03-21 00:39:01.018,cnd2mf0p8zdr0tsq
1611881886304,1,32.87246543460212,-117.23415124037842,2021-01-29 00:58:06.304,ckc97nohda82f6nv
1611881885396,1,32.872465499913304,-117.23415184904516,2021-01-29 00:58:05.396,ckc97nohda82f6nv
1611881884349,1,32.872465647154925,-117.23415250488337,2021-01-29 00:58:04.349,ckc97nohda82f6nv
1611881887423,1,32.87246537734965,-117.23415050476679,2021-01-29 00:58:07.423,ckc97nohda82f6nv
1616366348880,1,32.86366198019333,-117.2292929897032,2021-03-21 22:39:08.880,cyhp5k9bn7ntgv6d
1612313834735,1,32.87211642715553,-117.23395738092728,2021-02-03 00:57:14.735,cdqmgek22en5hz8u
1612313843873,2,32.87156343984408,-117.23373610980916,2021-02-03 00:57:23.873,cdqmgek22en5hz8u
1612313842825,1,32.87159606994236,-117.23381598938327,2021-02-03 00:57:22.825,cdqmgek22en5hz8u
1612313841851,1,32.87164859001039,-117.23387080844152,2021-02-03 00:57:21.851,cdqmgek22en5hz8u
1612313840811,1,32.87170764315888,-117.23389690420359,2021-02-03 00:57:20.811,cdqmgek22en5hz8u
1612313839822,1,32.87176332489527,-117.23390591160832,2021-02-03 00:57:19.822,cdqmgek22en5hz8u
1612313838804,1,32.8718207940952,-117.23390901656822,2021-02-03 00:57:18.804,cdqmgek22en5hz8u
1612313837789,1,32.871890565830164,-117.23391148777792,2021-02-03 00:57:17.789,cdqmgek22en5hz8u
1612313836749,1,32.87196186711241,-117.23391469343784,2021-02-03 00:57:16.749,cdqmgek22en5hz8u
1612313835779,1,32.87203544506132,-117.23392778560688,2021-02-03 00:57:15.779,cdqmgek22en5hz8u
1616367610080,2,32.85452755290317,-117.20489012332165,2021-03-21 23:00:10.080,c0rifduuvgejd2mt
1616367608959,2,32.85452764946391,-117.20489013577038,2021-03-21 23:00:08.959,c0rifduuvgejd2mt
1616367612185,1,32.85452740043018,-117.20489007648071,2021-03-21 23:00:12.185,c0rifduuvgejd2mt
1616367611220,2,32.85452744923613,-117.20489008036243,2021-03-21 23:00:11.220,c0rifduuvgejd2mt
1616369039582,2,32.867966417383364,-117.22477483399784,2021-03-21 23:23:59.582,cqplnn75cc25ffae
1616369045590,1,32.867996816665595,-117.22477654989305,2021-03-21 23:24:05.590,cqplnn75cc25ffae
1616369044589,1,32.8679737571553,-117.22477561970972,2021-03-21 23:24:04.589,cqplnn75cc25ffae
1616369043570,1,32.86796655903655,-117.22477520789774,2021-03-21 23:24:03.570,cqplnn75cc25ffae
1616369042558,1,32.867965897968,-117.22477505623199,2021-03-21 23:24:02.558,cqplnn75cc25ffae
1616369041448,1,32.86796624025913,-117.22477497229298,2021-03-21 23:24:01.448,cqplnn75cc25ffae
1616369040368,1,32.867966339934185,-117.22477487356537,2021-03-21 23:24:00.368,cqplnn75cc25ffae
1483235211529,2,32.87515460585134,-117.211486876878,2017-01-01 01:46:51.529,cd8lbxp4w12fnzut
1483235210598,2,32.87516056209299,-117.21135482274396,2017-01-01 01:46:50.598,cd8lbxp4w12fnzut
1483235212465,2,32.875153526553035,-117.21166854076776,2017-01-01 01:46:52.465,cd8lbxp4w12fnzut
1612138535021,1,32.875116482156336,-117.21603591299412,2021-02-01 00:15:35.021,cvrdblr6n889z93j
1612138534026,1,32.87512009338738,-117.21625816265212,2021-02-01 00:15:34.026,cvrdblr6n889z93j
1616368987612,1,32.865471004807766,-117.2282920364126,2021-03-21 23:23:07.612,cqmwcntj3za6xu0z
1616368988529,1,32.86550773290556,-117.22813544309449,2021-03-21 23:23:08.529,cqmwcntj3za6xu0z
1616532022818,1,32.87468443419811,-117.23377399940351,2021-03-23 20:40:22.818,czcafgsw260zx3hx
1610061469786,1,32.8768,-117.2333,2021-01-07 23:17:49.786,c4wrt3o37m3ik25u
1616532072905,1,32.87257257270097,-117.23420699651831,2021-03-23 20:41:12.905,cdlt8i402w9rcjd4
1616532081969,2,32.87226474224877,-117.23403113914692,2021-03-23 20:41:21.969,cdlt8i402w9rcjd4
1616532081106,2,32.87231624849776,-117.2340609858383,2021-03-23 20:41:21.106,cdlt8i402w9rcjd4
1616532080071,2,32.87236761461152,-117.23409143748228,2021-03-23 20:41:20.071,cdlt8i402w9rcjd4
1616532079062,2,32.87241974674565,-117.23412179659908,2021-03-23 20:41:19.062,cdlt8i402w9rcjd4
1616532077946,1,32.87248086763333,-117.23415694357661,2021-03-23 20:41:17.946,cdlt8i402w9rcjd4
1616532076966,1,32.8725171414877,-117.23417729993594,2021-03-23 20:41:16.966,cdlt8i402w9rcjd4
1616532075906,1,32.87254293075351,-117.23419106045893,2021-03-23 20:41:15.906,cdlt8i402w9rcjd4
1616532074807,1,32.872557721519286,-117.23419892203951,2021-03-23 20:41:14.807,cdlt8i402w9rcjd4
1616532073785,1,32.87256818359213,-117.23420447792091,2021-03-23 20:41:13.785,cdlt8i402w9rcjd4
4925062749646,2,32.876628997096326,-117.2320869520476,2126-01-26 00:59:09.646,c4612sucz07ppkry
4925062758894,2,32.876841253131765,-117.23308886420931,2126-01-26 00:59:18.894,c4612sucz07ppkry
4925062757939,3,32.876833733594225,-117.23306104860424,2126-01-26 00:59:17.939,c4612sucz07ppkry
4925062756891,4,32.87682178319018,-117.23301297274551,2126-01-26 00:59:16.891,c4612sucz07ppkry
4925062755896,4,32.876807642016104,-117.23294576249049,2126-01-26 00:59:15.896,c4612sucz07ppkry
4925062754850,3,32.876794553831786,-117.23285606310324,2126-01-26 00:59:14.850,c4612sucz07ppkry
4925062753784,2,32.8767763187315,-117.23270615045836,2126-01-26 00:59:13.784,c4612sucz07ppkry
4925062752761,3,32.876748607662904,-117.23257067199236,2126-01-26 00:59:12.761,c4612sucz07ppkry
4925062751721,2,32.87671130603901,-117.23241990775624,2126-01-26 00:59:11.721,c4612sucz07ppkry
4925062750727,2,32.87667031409272,-117.23225559384345,2126-01-26 00:59:10.727,c4612sucz07ppkry
1613866214741,1,32.87194061273896,-117.23061566030705,2021-02-21 00:10:14.741,cvoix9eiu1gzbfxj
1613866213684,1,32.871975921342,-117.23041670009451,2021-02-21 00:10:13.684,cvoix9eiu1gzbfxj
1611883482178,3,32.86853547697738,-117.22338385134366,2021-01-29 01:24:42.178,c5pltzrnjd12k113
1616369219213,3,32.87661128828082,-117.23223824591223,2021-03-21 23:26:59.213,cn318qe22rrgdnms
1611350347375,1,32.88101734518989,-117.22898079703847,2021-01-22 21:19:07.375,c2j1oki3cn95dsec
1611350353419,1,32.88037503824854,-117.22894824564432,2021-01-22 21:19:13.419,c2j1oki3cn95dsec
1611350352350,1,32.88049836055956,-117.22893859882721,2021-01-22 21:19:12.350,c2j1oki3cn95dsec
1611350351430,1,32.88061344734271,-117.22893470702793,2021-01-22 21:19:11.430,c2j1oki3cn95dsec
1611350350339,2,32.880720531193404,-117.2289405421496,2021-01-22 21:19:10.339,c2j1oki3cn95dsec
1611350349430,1,32.880821062704236,-117.2289587139784,2021-01-22 21:19:09.430,c2j1oki3cn95dsec
1611350348355,1,32.88091856428893,-117.22897857181593,2021-01-22 21:19:08.355,c2j1oki3cn95dsec
1611350365757,1,32.878459485589794,-117.22930613859613,2021-01-22 21:19:25.757,c7b6bfujn5hzms70
1611350366732,1,32.87832509723825,-117.22933713750619,2021-01-22 21:19:26.732,c7b6bfujn5hzms70
1616972564825,1,32.87615940510444,-117.23345647963328,2021-03-28 23:02:44.825,ctu6wumjzeb3s7vq
1616975282058,1,32.876682915315556,-117.23334285069424,2021-03-28 23:48:02.058,cifdjljum6jzpjpv
1615680973149,1,32.87657110356486,-117.23180684284596,2021-03-14 00:16:13.149,c007a6dwfphch1eq
1616280831989,2,32.88010184109189,-117.23423165945441,2021-03-20 22:53:51.989,c8rgwre874ryqs3d
1616280830903,1,32.88010465207622,-117.23432251327051,2021-03-20 22:53:50.903,c8rgwre874ryqs3d
1616280832935,2,32.880098885307476,-117.23414182037546,2021-03-20 22:53:52.935,c8rgwre874ryqs3d
1616287206975,1,32.84497021693482,-117.27451860388213,2021-03-21 00:40:06.975,cg712s3ev74o1787
1616287216022,2,32.84500236966165,-117.27437775961843,2021-03-21 00:40:16.022,cg712s3ev74o1787
1616287215073,2,32.84499866030478,-117.27439304354596,2021-03-21 00:40:15.073,cg712s3ev74o1787
1616287214020,2,32.84499521152445,-117.27440782169508,2021-03-21 00:40:14.020,cg712s3ev74o1787
1616287213173,1,32.84499290608151,-117.27441739731569,2021-03-21 00:40:13.173,cg712s3ev74o1787
1616287212266,2,32.844991079081176,-117.27442513216532,2021-03-21 00:40:12.266,cg712s3ev74o1787
1612138307327,4,32.87594637092175,-117.2285724927103,2021-02-01 00:11:47.327,cmjikql8uehppox7
1612138306391,4,32.875948313166624,-117.2285822817812,2021-02-01 00:11:46.391,cmjikql8uehppox7
1612138305489,4,32.87594959990863,-117.22858634138504,2021-02-01 00:11:45.489,cmjikql8uehppox7
1612138304424,4,32.8759521805696,-117.22859578812331,2021-02-01 00:11:44.424,cmjikql8uehppox7
1612138303416,4,32.875957031737904,-117.22861827927905,2021-02-01 00:11:43.416,cmjikql8uehppox7
1612138302349,4,32.87596432363465,-117.22865475179228,2021-02-01 00:11:42.349,cmjikql8uehppox7
1612138301346,4,32.87597348616142,-117.22870197947759,2021-02-01 00:11:41.346,cmjikql8uehppox7
1612313734402,2,32.876712460688054,-117.23244550431384,2021-02-03 00:55:34.402,cgva5ozfwjayym4z
1612313743629,1,32.87684925497508,-117.23311200452149,2021-02-03 00:55:43.629,cgva5ozfwjayym4z
1612313742712,1,32.87684845101195,-117.23311216131702,2021-02-03 00:55:42.712,cgva5ozfwjayym4z
1612313741706,1,32.8768450308581,-117.2331014750761,2021-02-03 00:55:41.706,cgva5ozfwjayym4z
1612313740589,1,32.87683417354682,-117.23306111560673,2021-02-03 00:55:40.589,cgva5ozfwjayym4z
1612313739617,1,32.87682188155529,-117.23301108319744,2021-02-03 00:55:39.617,cgva5ozfwjayym4z
1612313738533,1,32.87680719266652,-117.2329395068538,2021-02-03 00:55:38.533,cgva5ozfwjayym4z
1612313737548,1,32.87679384452852,-117.23284520985958,2021-02-03 00:55:37.548,cgva5ozfwjayym4z
1612313736439,2,32.876777309667354,-117.23272964041071,2021-02-03 00:55:36.439,cgva5ozfwjayym4z
1612313735500,2,32.87674925250585,-117.23259591574036,2021-02-03 00:55:35.500,cgva5ozfwjayym4z
1612657772143,1,32.87637061793171,-117.2298525324653,2021-02-07 00:29:32.143,cl8cpgzdx4ugp0t3
1612657771155,1,32.8763761283328,-117.22985260293915,2021-02-07 00:29:31.155,cl8cpgzdx4ugp0t3
1612657770125,1,32.87639308364058,-117.22985312614634,2021-02-07 00:29:30.125,cl8cpgzdx4ugp0t3
1612657769256,1,32.87641835068804,-117.22985356897743,2021-02-07 00:29:29.256,cl8cpgzdx4ugp0t3
1612657768193,1,32.87646092014318,-117.22985418929254,2021-02-07 00:29:28.193,cl8cpgzdx4ugp0t3
1612657767129,1,32.87652023277347,-117.22985412468051,2021-02-07 00:29:27.129,cl8cpgzdx4ugp0t3
1612657766287,1,32.87658848819117,-117.22985153983652,2021-02-07 00:29:26.287,cl8cpgzdx4ugp0t3
1610059345344,1,32.872760790071936,-117.2342940545764,2021-01-07 22:42:25.344,c1zp9x729fdydjds
1610059354560,1,32.872627458055256,-117.23423693901495,2021-01-07 22:42:34.560,c1zp9x729fdydjds
1610059353569,1,32.87266965114694,-117.23425763531729,2021-01-07 22:42:33.569,c1zp9x729fdydjds
1610059352618,1,32.872718970945634,-117.23427914340272,2021-01-07 22:42:32.618,c1zp9x729fdydjds
1610059351684,1,32.872744530280684,-117.23428895303871,2021-01-07 22:42:31.684,c1zp9x729fdydjds
1610059350694,1,32.87275840112701,-117.23429388175293,2021-01-07 22:42:30.694,c1zp9x729fdydjds
1610059349533,1,32.8727605360372,-117.23429460028751,2021-01-07 22:42:29.533,c1zp9x729fdydjds
1610059348493,1,32.872760550523616,-117.23429450008598,2021-01-07 22:42:28.493,c1zp9x729fdydjds
1610059347404,1,32.87276062440967,-117.23429430891271,2021-01-07 22:42:27.404,c1zp9x729fdydjds
1610059346398,1,32.87276070347629,-117.23429417813192,2021-01-07 22:42:26.398,c1zp9x729fdydjds
1616534884077,1,32.883828663179784,-117.23863680942556,2021-03-23 21:28:04.077,cryz66b7dxjy1h6w
1616534883052,2,32.8838988906823,-117.23863586234741,2021-03-23 21:28:03.052,cryz66b7dxjy1h6w
1616534881935,1,32.8839770845523,-117.23863511434868,2021-03-23 21:28:01.935,cryz66b7dxjy1h6w
1613158901406,2,32.88084576815337,-117.23025925474735,2021-02-12 19:41:41.406,c12ec6v5ib3fj9sc
1613158910755,1,32.880846963763936,-117.23025943303104,2021-02-12 19:41:50.755,c12ec6v5ib3fj9sc
1613158909875,1,32.88084687847247,-117.23025935934594,2021-02-12 19:41:49.875,c12ec6v5ib3fj9sc
1613158908821,1,32.880846822472236,-117.23025934286065,2021-02-12 19:41:48.821,c12ec6v5ib3fj9sc
1613158907821,1,32.880846782203385,-117.23025936573559,2021-02-12 19:41:47.821,c12ec6v5ib3fj9sc
1613158906514,1,32.880846571886615,-117.23025932803148,2021-02-12 19:41:46.514,c12ec6v5ib3fj9sc
1613158905442,1,32.88084642235869,-117.23025928012021,2021-02-12 19:41:45.442,c12ec6v5ib3fj9sc
1613158904371,2,32.88084616486225,-117.23025919492048,2021-02-12 19:41:44.371,c12ec6v5ib3fj9sc
1613158903189,2,32.880845976704684,-117.23025921665597,2021-02-12 19:41:43.189,c12ec6v5ib3fj9sc
1613158902264,2,32.8808458622427,-117.23025923526704,2021-02-12 19:41:42.264,c12ec6v5ib3fj9sc
1613871056050,1,32.871997737808,-117.23031570969015,2021-02-21 01:30:56.050,cek0wtvjntz0qp4x
1613871063573,1,32.87196129314835,-117.23050388275458,2021-02-21 01:31:03.573,cek0wtvjntz0qp4x
1613871062657,1,32.871977881290896,-117.23041859115423,2021-02-21 01:31:02.657,cek0wtvjntz0qp4x
1613871061847,1,32.871989951219156,-117.23035777075847,2021-02-21 01:31:01.847,cek0wtvjntz0qp4x
1613871060809,1,32.87199687355565,-117.2303219999748,2021-02-21 01:31:00.809,cek0wtvjntz0qp4x
1613871059113,1,32.87199778736219,-117.23031612982534,2021-02-21 01:30:59.113,cek0wtvjntz0qp4x
1613871058114,1,32.87199776353524,-117.23031598409305,2021-02-21 01:30:58.114,cek0wtvjntz0qp4x
1613871057118,1,32.87199774494846,-117.2303158615574,2021-02-21 01:30:57.118,cek0wtvjntz0qp4x
1616702059593,1,32.87481529145432,-117.23360097379224,2021-03-25 19:54:19.593,cw9ndppcn31s5ph9
1616702058577,2,32.87472404885044,-117.23364636526958,2021-03-25 19:54:18.577,cw9ndppcn31s5ph9
1616702057566,2,32.87465465549781,-117.23368046355928,2021-03-25 19:54:17.566,cw9ndppcn31s5ph9
1616286014055,1,32.87202813865858,-117.23397087611616,2021-03-21 00:20:14.055,cirq3mb6f6frve7r
1616286023104,1,32.87199628637932,-117.23396315756432,2021-03-21 00:20:23.104,cirq3mb6f6frve7r
1616286022215,1,32.872019357538626,-117.23396583735344,2021-03-21 00:20:22.215,cirq3mb6f6frve7r
1616286021297,1,32.87202783843953,-117.23396760783115,2021-03-21 00:20:21.297,cirq3mb6f6frve7r
1616286020417,1,32.872028549831235,-117.23396811973629,2021-03-21 00:20:20.417,cirq3mb6f6frve7r
1616286019396,1,32.872028481722076,-117.23396872607618,2021-03-21 00:20:19.396,cirq3mb6f6frve7r
1616286018421,1,32.872028483436715,-117.23396900261686,2021-03-21 00:20:18.421,cirq3mb6f6frve7r
1616286017445,1,32.87202838240583,-117.23396957517124,2021-03-21 00:20:17.445,cirq3mb6f6frve7r
1616286016466,1,32.87202827810132,-117.233970040532,2021-03-21 00:20:16.466,cirq3mb6f6frve7r
1616286015161,1,32.87202819645102,-117.23397062540212,2021-03-21 00:20:15.161,cirq3mb6f6frve7r
1612317347398,1,32.878541897551024,-117.22221531995451,2021-02-03 01:55:47.398,cdumwvmsef3my41w
1612317349456,1,32.87840483605549,-117.22223527975851,2021-02-03 01:55:49.456,cdumwvmsef3my41w
1612317348448,1,32.87847799824038,-117.22223388202565,2021-02-03 01:55:48.448,cdumwvmsef3my41w
1611350397551,1,32.87636739174293,-117.23095320422456,2021-01-22 21:19:57.551,c38qs2eppped30ro
1611350404808,1,32.87663620386211,-117.23208816688508,2021-01-22 21:20:04.808,c38qs2eppped30ro
1611350403757,1,32.87659483167227,-117.23191496266804,2021-01-22 21:20:03.757,c38qs2eppped30ro
1611350402775,2,32.87655347322564,-117.2317442733301,2021-01-22 21:20:02.775,c38qs2eppped30ro
1611350401739,1,32.87651200886512,-117.23157964927185,2021-01-22 21:20:01.739,c38qs2eppped30ro
1612660312521,1,32.87318727303946,-117.23426351640478,2021-02-07 01:11:52.521,ciqbt41fomem7ua6
1611350286450,1,32.88074506860054,-117.23048894044096,2021-01-22 21:18:06.450,cv150h6zhqd2vwas
1611350285374,1,32.880713778829104,-117.23056679936151,2021-01-22 21:18:05.374,cv150h6zhqd2vwas
1611350284379,1,32.88068059558736,-117.23065065937162,2021-01-22 21:18:04.379,cv150h6zhqd2vwas
1611350283253,1,32.88064278424952,-117.23073686329904,2021-01-22 21:18:03.253,cv150h6zhqd2vwas
1611350282342,1,32.88060651200313,-117.23082362679277,2021-01-22 21:18:02.342,cv150h6zhqd2vwas
1611352603063,1,32.87894207192383,-117.22221546934477,2021-01-22 21:56:43.063,cilpoo07t5g1udol
1612483204231,2,32.87686170703774,-117.23313367409493,2021-02-05 00:00:04.231,cbv2z5r22nvsr49o
1612483213412,2,32.87685970317347,-117.23313396015128,2021-02-05 00:00:13.412,cbv2z5r22nvsr49o
1612483212479,2,32.87685970175302,-117.23313395185713,2021-02-05 00:00:12.479,cbv2z5r22nvsr49o
1612483211337,2,32.87685969825181,-117.23313394585092,2021-02-05 00:00:11.337,cbv2z5r22nvsr49o
1612483210431,2,32.87685970993889,-117.23313392927292,2021-02-05 00:00:10.431,cbv2z5r22nvsr49o
1612483209429,2,32.876859741123965,-117.23313392041685,2021-02-05 00:00:09.429,cbv2z5r22nvsr49o
1612483208477,4,32.87685985134123,-117.23313390344241,2021-02-05 00:00:08.477,cbv2z5r22nvsr49o
1612483207371,4,32.87686020271289,-117.23313383836052,2021-02-05 00:00:07.371,cbv2z5r22nvsr49o
1612483206328,2,32.87686057635942,-117.2331337800032,2021-02-05 00:00:06.328,cbv2z5r22nvsr49o
1612483205250,2,32.87686106506216,-117.23313373473556,2021-02-05 00:00:05.250,cbv2z5r22nvsr49o
1616366021298,1,32.87765033356834,-117.2295223514317,2021-03-21 22:33:41.298,cvgcxel1sgzvmc06
1616366044253,1,32.87627555702549,-117.2304158565456,2021-03-21 22:34:04.253,c2oarlx7p88cq1l2
1616366043226,1,32.876254681446966,-117.23029629635052,2021-03-21 22:34:03.226,c2oarlx7p88cq1l2
1616366042282,1,32.87623612068118,-117.230192935925,2021-03-21 22:34:02.282,c2oarlx7p88cq1l2
1616366041136,1,32.876224272305286,-117.23009841199764,2021-03-21 22:34:01.136,c2oarlx7p88cq1l2
1616366040144,1,32.876232950260665,-117.23003018986023,2021-03-21 22:34:00.144,c2oarlx7p88cq1l2
1612486135937,1,32.883912061914565,-117.23864051785758,2021-02-05 00:48:55.937,cbtt42zvlzjfw06q
1612486134876,1,32.884072891424395,-117.23864092492953,2021-02-05 00:48:54.876,cbtt42zvlzjfw06q
1612486133888,1,32.884197201261394,-117.23864041222991,2021-02-05 00:48:53.888,cbtt42zvlzjfw06q
1612486131834,1,32.88445115136469,-117.23863801711279,2021-02-05 00:48:51.834,cbtt42zvlzjfw06q
1612486130798,1,32.88458434306629,-117.2386345880002,2021-02-05 00:48:50.798,cbtt42zvlzjfw06q
1616366173486,1,32.871561962229606,-117.23338901757992,2021-03-21 22:36:13.486,c9njogu6hgijqk8s
1611883361101,2,32.865312320307105,-117.20832502936965,2021-01-29 01:22:41.101,cui2jjvbp0lov7nf
1611883360127,2,32.86531064574372,-117.20832335050476,2021-01-29 01:22:40.127,cui2jjvbp0lov7nf
1611883359115,2,32.86531005974442,-117.20832307196623,2021-01-29 01:22:39.115,cui2jjvbp0lov7nf
1611883358057,2,32.865305631187674,-117.20831867257564,2021-01-29 01:22:38.057,cui2jjvbp0lov7nf
1611883355923,2,32.865298492569835,-117.20831200260685,2021-01-29 01:22:35.923,cui2jjvbp0lov7nf
1611883354933,3,32.86528342174031,-117.20829568844248,2021-01-29 01:22:34.933,cui2jjvbp0lov7nf
1611883353870,3,32.86525264221646,-117.20826379822815,2021-01-29 01:22:33.870,cui2jjvbp0lov7nf
1616534123216,1,32.84660452233957,-117.26800891969387,2021-03-23 21:15:23.216,chx2ni5rurpx2ucd
1616534122086,1,32.84653154758073,-117.26808779526137,2021-03-23 21:15:22.086,chx2ni5rurpx2ucd
1616534124132,1,32.84664404979118,-117.26796626385149,2021-03-23 21:15:24.132,chx2ni5rurpx2ucd
1616367595152,1,32.854517204641645,-117.20544051698697,2021-03-21 22:59:55.152,c45kyc6oi9wsl5b3
1616367594302,1,32.854509424899874,-117.20553288723431,2021-03-21 22:59:54.302,c45kyc6oi9wsl5b3
1616367593274,1,32.85449718280252,-117.20564024366264,2021-03-21 22:59:53.274,c45kyc6oi9wsl5b3
1616367591264,2,32.85446303051755,-117.2058499306166,2021-03-21 22:59:51.264,c45kyc6oi9wsl5b3
1616367590121,1,32.8544424146193,-117.2059490315504,2021-03-21 22:59:50.121,c45kyc6oi9wsl5b3
1616368971516,2,32.86341926597127,-117.22917837131901,2021-03-21 23:22:51.516,cmrr8lxs6p1ooqu7
1611350287337,1,32.88076953272557,-117.2304309652288,2021-01-22 21:18:07.337,c3qs4owrd8p3f6m4
1611350296429,1,32.880842686651114,-117.230253252772,2021-01-22 21:18:16.429,c3qs4owrd8p3f6m4
1611350295419,1,32.880842643468256,-117.23025393566995,2021-01-22 21:18:15.419,c3qs4owrd8p3f6m4
1611350294447,1,32.880842616556095,-117.23025433532814,2021-01-22 21:18:14.447,c3qs4owrd8p3f6m4
1611350293378,1,32.88084236430428,-117.23025505017986,2021-01-22 21:18:13.378,c3qs4owrd8p3f6m4
1611350292478,1,32.88084176920706,-117.23025456484716,2021-01-22 21:18:12.478,c3qs4owrd8p3f6m4
1611350291421,1,32.88083748810201,-117.2302626008053,2021-01-22 21:18:11.421,c3qs4owrd8p3f6m4
1611350290438,1,32.88082742200881,-117.2302865648933,2021-01-22 21:18:10.438,c3qs4owrd8p3f6m4
1611350289401,1,32.880812245004805,-117.2303252439024,2021-01-22 21:18:09.401,c3qs4owrd8p3f6m4
1611350288435,1,32.880793872392076,-117.23037214292223,2021-01-22 21:18:08.435,c3qs4owrd8p3f6m4
1611881768014,6,32.87684351036685,-117.2330798688782,2021-01-29 00:56:08.014,c6zc48xbxkijvrgt
1611881777100,5,32.876853943149925,-117.2331130743894,2021-01-29 00:56:17.100,c6zc48xbxkijvrgt
1611881776115,5,32.876854117565074,-117.23311293203302,2021-01-29 00:56:16.115,c6zc48xbxkijvrgt
1611881775177,4,32.87685422791156,-117.23311278586031,2021-01-29 00:56:15.177,c6zc48xbxkijvrgt
1611881774182,5,32.87685423380505,-117.23311261028404,2021-01-29 00:56:14.182,c6zc48xbxkijvrgt
1611881773265,5,32.87685411624718,-117.23311247675066,2021-01-29 00:56:13.265,c6zc48xbxkijvrgt
1611881772196,5,32.876853902928936,-117.2331122318677,2021-01-29 00:56:12.196,c6zc48xbxkijvrgt
1611881771190,5,32.87685369682682,-117.2331117851948,2021-01-29 00:56:11.190,c6zc48xbxkijvrgt
1611881770140,6,32.87685317598357,-117.2331117840276,2021-01-29 00:56:10.140,c6zc48xbxkijvrgt
1611881769077,6,32.87685065055491,-117.23310477254604,2021-01-29 00:56:09.077,c6zc48xbxkijvrgt
1616287175992,2,32.84477376497,-117.27536477303462,2021-03-21 00:39:35.992,cwj65bwkxeqxggzm
1483233057986,2,32.88025741838089,-117.23180905441272,2017-01-01 01:10:57.986,c58c0ijvhbx8l00m
1483233062058,1,32.88031643826037,-117.23160786952309,2017-01-01 01:11:02.058,c58c0ijvhbx8l00m
1483233061013,1,32.88030492568768,-117.231644395935,2017-01-01 01:11:01.013,c58c0ijvhbx8l00m
1483233060030,1,32.880290704722164,-117.23168979999241,2017-01-01 01:11:00.030,c58c0ijvhbx8l00m
1483233058993,2,32.88027409474462,-117.23174738624263,2017-01-01 01:10:58.993,c58c0ijvhbx8l00m
1615681053290,1,32.87205820415685,-117.23389673218635,2021-03-14 00:17:33.290,c3h3bk64gcfe41mc
1615681060507,1,32.871945028027525,-117.23387709280013,2021-03-14 00:17:40.507,c3h3bk64gcfe41mc
1615681059514,1,32.87194510386033,-117.23387700862335,2021-03-14 00:17:39.514,c3h3bk64gcfe41mc
1615681058573,1,32.871945518422834,-117.23387693161398,2021-03-14 00:17:38.573,c3h3bk64gcfe41mc
1615681057598,1,32.87195095370259,-117.23387731930649,2021-03-14 00:17:37.598,c3h3bk64gcfe41mc
1615681056603,1,32.871964478394396,-117.23387871955015,2021-03-14 00:17:36.603,c3h3bk64gcfe41mc
1615681055579,1,32.8719862709424,-117.23388171149642,2021-03-14 00:17:35.579,c3h3bk64gcfe41mc
1615681054457,1,32.87201861817043,-117.23388728311359,2021-03-14 00:17:34.457,c3h3bk64gcfe41mc
1483235167522,1,32.87392199391014,-117.20958263715859,2017-01-01 01:46:07.522,cxcr5yfv328j879y
1483235166509,1,32.873909544952824,-117.20951874913908,2017-01-01 01:46:06.509,cxcr5yfv328j879y
1616287578009,1,32.8523869405852,-117.25632194824782,2021-03-21 00:46:18.009,cc5r42t9wso2mirv
1616287582008,1,32.852542473325265,-117.25635259094808,2021-03-21 00:46:22.008,cc5r42t9wso2mirv
1616287581020,1,32.852478402452824,-117.25633922119451,2021-03-21 00:46:21.020,cc5r42t9wso2mirv
1616287580104,1,32.85243258540473,-117.25633011995448,2021-03-21 00:46:20.104,cc5r42t9wso2mirv
1616287579001,1,32.85239784689929,-117.25632387502192,2021-03-21 00:46:19.001,cc5r42t9wso2mirv
1611350466898,1,32.87479110124813,-117.23371899318474,2021-01-22 21:21:06.898,crbesl5tztr9p14b
1611350465816,1,32.874791169014195,-117.23371823154329,2021-01-22 21:21:05.816,crbesl5tztr9p14b
1611350464884,1,32.87479981197863,-117.23371271603192,2021-01-22 21:21:04.884,crbesl5tztr9p14b
1611350463880,1,32.874826079895826,-117.23369671350001,2021-01-22 21:21:03.880,crbesl5tztr9p14b
1611350462830,1,32.874870642924385,-117.23366874454359,2021-01-22 21:21:02.830,crbesl5tztr9p14b
1611350461837,1,32.87493513408986,-117.2336240903395,2021-01-22 21:21:01.837,crbesl5tztr9p14b
1611350460783,1,32.875019959817315,-117.23356342318228,2021-01-22 21:21:00.783,crbesl5tztr9p14b
1611350459811,1,32.87511975673974,-117.2334948315596,2021-01-22 21:20:59.811,crbesl5tztr9p14b
1611352502843,2,32.88139418226402,-117.22165975489624,2021-01-22 21:55:02.843,cksivpwbsqhfxfk6
1611352507111,1,32.881508541756126,-117.22201737671548,2021-01-22 21:55:07.111,cksivpwbsqhfxfk6
1611352506036,2,32.881474443840325,-117.22193951399076,2021-01-22 21:55:06.036,cksivpwbsqhfxfk6
1611352504930,2,32.88143937139389,-117.22184202433505,2021-01-22 21:55:04.930,cksivpwbsqhfxfk6
1611352503852,2,32.881416066778996,-117.22175995471878,2021-01-22 21:55:03.852,cksivpwbsqhfxfk6
1612486041656,1,32.885993422689694,-117.24377478333612,2021-02-05 00:47:21.656,cem2vzf50ulc4n7u
1616368913565,1,32.85675054861507,-117.227740509144,2021-03-21 23:21:53.565,cfcjxqlitsf4bak5
1616368912589,1,32.85666453278377,-117.22774081705606,2021-03-21 23:21:52.589,cfcjxqlitsf4bak5
1616368911464,1,32.85654194389875,-117.22774483254152,2021-03-21 23:21:51.464,cfcjxqlitsf4bak5
1616368914477,1,32.856802670758555,-117.22774144880978,2021-03-21 23:21:54.477,cfcjxqlitsf4bak5
1611350426780,2,32.8768548126683,-117.2331070576065,2021-01-22 21:20:26.780,cs83ferfyuoc34jq
1611350425799,2,32.87685522076394,-117.23310701376705,2021-01-22 21:20:25.799,cs83ferfyuoc34jq
1611350424899,2,32.87685545581074,-117.23310696422298,2021-01-22 21:20:24.899,cs83ferfyuoc34jq
1611350423996,2,32.87685557834136,-117.23310693315528,2021-01-22 21:20:23.996,cs83ferfyuoc34jq
1611350422940,1,32.8768555188305,-117.23310693019418,2021-01-22 21:20:22.940,cs83ferfyuoc34jq
1611350421848,1,32.87685527767653,-117.23310689496044,2021-01-22 21:20:21.848,cs83ferfyuoc34jq
1611350420896,1,32.87685468100254,-117.23310688443406,2021-01-22 21:20:20.896,cs83ferfyuoc34jq
1611350419777,1,32.876853667521765,-117.23310689757507,2021-01-22 21:20:19.777,cs83ferfyuoc34jq
1613866278630,3,32.87651666957755,-117.23335946705221,2021-02-21 00:11:18.630,cbf0k4upx0r8s5jq
1613866285706,3,32.87676482574952,-117.23330928357244,2021-02-21 00:11:25.706,cbf0k4upx0r8s5jq
1613866284730,3,32.8767246185268,-117.23333498534248,2021-02-21 00:11:24.730,cbf0k4upx0r8s5jq
1613866283800,3,32.87669355851788,-117.23334202449888,2021-02-21 00:11:23.800,cbf0k4upx0r8s5jq
1613866282059,3,32.876649055930315,-117.23334632331664,2021-02-21 00:11:22.059,cbf0k4upx0r8s5jq
1613866281037,3,32.87662096453889,-117.23334892580263,2021-02-21 00:11:21.037,cbf0k4upx0r8s5jq
1613866279811,3,32.876571185091485,-117.23335362286905,2021-02-21 00:11:19.811,cbf0k4upx0r8s5jq
1612483464857,1,32.87194753018908,-117.23391438217705,2021-02-05 00:04:24.857,cgn1225q4nv965cs
1612483468058,1,32.87188123333272,-117.2339104138942,2021-02-05 00:04:28.058,cgn1225q4nv965cs
1612483466965,3,32.871938640358245,-117.23391386622738,2021-02-05 00:04:26.965,cgn1225q4nv965cs
1612483465933,1,32.87194755332644,-117.23391442130385,2021-02-05 00:04:25.933,cgn1225q4nv965cs
1616367945087,1,32.85471113109134,-117.19906268531956,2021-03-21 23:05:45.087,cmns26wh9mux3vcy
1616367944004,4,32.854811106732924,-117.19905283355827,2021-03-21 23:05:44.004,cmns26wh9mux3vcy
1616367946042,1,32.85459906600143,-117.19907648984406,2021-03-21 23:05:46.042,cmns26wh9mux3vcy
1612138538846,1,32.87510988578813,-117.21523925157669,2021-02-01 00:15:38.846,cpqtkc7y4yqicy0x
1612138539944,1,32.87510847029151,-117.21507129558451,2021-02-01 00:15:39.944,cpqtkc7y4yqicy0x
1611352663340,1,32.87858339782593,-117.21915852730899,2021-01-22 21:57:43.340,cd3rthqmp5s2dmn2
1611352665487,1,32.878583045730565,-117.21891589692194,2021-01-22 21:57:45.487,cd3rthqmp5s2dmn2
1611352664358,1,32.878582979113496,-117.21904491220094,2021-01-22 21:57:44.358,cd3rthqmp5s2dmn2
1616287365537,1,32.84233660999155,-117.2731325365683,2021-03-21 00:42:45.537,cdxdtrhlc4d7l8c3
1616287363504,1,32.842336518792976,-117.27313255879535,2021-03-21 00:42:43.504,cdxdtrhlc4d7l8c3
1616287358620,1,32.84233646739883,-117.27313252034388,2021-03-21 00:42:38.620,cdxdtrhlc4d7l8c3
1616287366632,1,32.842336688564714,-117.27313255641295,2021-03-21 00:42:46.632,cdxdtrhlc4d7l8c3
1616698345082,1,32.876450569918944,-117.22985679490722,2021-03-25 18:52:25.082,cddit3znypacm0u8
1483235423906,2,32.87863529912203,-117.22199906843832,2017-01-01 01:50:23.906,cjrq1lo788j3figm
1483235433066,2,32.878635584685156,-117.22199798024471,2017-01-01 01:50:33.066,cjrq1lo788j3figm
1483235432127,3,32.878635554804,-117.22199810615022,2017-01-01 01:50:32.127,cjrq1lo788j3figm
1483235431127,3,32.878635572485074,-117.22199824476529,2017-01-01 01:50:31.127,cjrq1lo788j3figm
1483235430216,2,32.87863561211246,-117.22199837539186,2017-01-01 01:50:30.216,cjrq1lo788j3figm
1483235429204,2,32.87863563120995,-117.22199853271259,2017-01-01 01:50:29.204,cjrq1lo788j3figm
1483235428195,2,32.878635586941435,-117.22199868849943,2017-01-01 01:50:28.195,cjrq1lo788j3figm
1483235427078,2,32.87863550732856,-117.22199883806896,2017-01-01 01:50:27.078,cjrq1lo788j3figm
1483235425962,2,32.87863539708325,-117.22199898094772,2017-01-01 01:50:25.962,cjrq1lo788j3figm
1483235424954,2,32.878635307166874,-117.22199904270231,2017-01-01 01:50:24.954,cjrq1lo788j3figm
1612317377484,1,32.877639737976516,-117.22394383123176,2021-02-03 01:56:17.484,cmykknzj9zcpua3o
1612317381606,1,32.87760224936612,-117.22411935337065,2021-02-03 01:56:21.606,cmykknzj9zcpua3o
1612317380551,1,32.87762081608678,-117.22404328496417,2021-02-03 01:56:20.551,cmykknzj9zcpua3o
1612317379547,1,32.87763293094232,-117.22398403317631,2021-02-03 01:56:19.547,cmykknzj9zcpua3o
1612317378551,1,32.877637160353125,-117.22396003392662,2021-02-03 01:56:18.551,cmykknzj9zcpua3o
1616287973667,1,32.85598550135793,-117.2569035945658,2021-03-21 00:52:53.667,chqeu7tzoiqjgwyr
1616287980717,2,32.85651341379741,-117.25658813534828,2021-03-21 00:53:00.717,chqeu7tzoiqjgwyr
1616287977766,1,32.85630347109505,-117.25671218603266,2021-03-21 00:52:57.766,chqeu7tzoiqjgwyr
1616287978821,1,32.85637886406401,-117.25666561415836,2021-03-21 00:52:58.821,chqeu7tzoiqjgwyr
1612483154132,5,32.876422694586914,-117.22992790990685,2021-02-04 23:59:14.132,c57qk2yog9rkjrof
1612483163324,2,32.87632073711722,-117.23002296296279,2021-02-04 23:59:23.324,c57qk2yog9rkjrof
1612483162443,2,32.87633678698127,-117.22999627522802,2021-02-04 23:59:22.443,c57qk2yog9rkjrof
1612483161411,2,32.87634951618242,-117.22998360869775,2021-02-04 23:59:21.411,c57qk2yog9rkjrof
1612483160477,2,32.876362113760926,-117.2299775900116,2021-02-04 23:59:20.477,c57qk2yog9rkjrof
1612483159286,1,32.87638167339099,-117.22996032445442,2021-02-04 23:59:19.286,c57qk2yog9rkjrof
1612483158283,2,32.876389197767956,-117.22994733848851,2021-02-04 23:59:18.283,c57qk2yog9rkjrof
1612483157252,3,32.87639482954188,-117.22993804009704,2021-02-04 23:59:17.252,c57qk2yog9rkjrof
1612483156257,4,32.876400838433185,-117.22992988095687,2021-02-04 23:59:16.257,c57qk2yog9rkjrof
1612483155189,6,32.87640770845182,-117.22992626359137,2021-02-04 23:59:15.189,c57qk2yog9rkjrof
1613862903419,1,32.88030288630168,-117.23304658600338,2021-02-20 23:15:03.419,c7s9nch57wkqawlw
1613862904448,1,32.88030550894805,-117.23299269465313,2021-02-20 23:15:04.448,c7s9nch57wkqawlw
1612138287275,1,32.87633049801697,-117.22987282065228,2021-02-01 00:11:27.275,ct3zhll1csz1rxpa
1616288456949,1,32.871410972318074,-117.24724380420791,2021-03-21 01:00:56.949,cbv5sg0uc83t7v20
1616288457932,1,32.871458007812876,-117.247110113242,2021-03-21 01:00:57.932,cbv5sg0uc83t7v20
1616973462970,1,32.840639607359535,-117.20568437280194,2021-03-28 23:17:42.970,cxlvumjswhg48idh
1616973472174,1,32.84063883672518,-117.20568360052087,2021-03-28 23:17:52.174,cxlvumjswhg48idh
1616973471164,1,32.840638907435114,-117.20568371563455,2021-03-28 23:17:51.164,cxlvumjswhg48idh
1616973470221,1,32.840638967344304,-117.20568380918236,2021-03-28 23:17:50.221,cxlvumjswhg48idh
1616973469085,1,32.8406390460977,-117.20568389254677,2021-03-28 23:17:49.085,cxlvumjswhg48idh
1616973468111,1,32.84063913439517,-117.2056839464,2021-03-28 23:17:48.111,cxlvumjswhg48idh
1616973467011,1,32.84063918420704,-117.20568402286236,2021-03-28 23:17:47.011,cxlvumjswhg48idh
1616973466005,1,32.84063921986631,-117.20568411921137,2021-03-28 23:17:46.005,cxlvumjswhg48idh
1616973464968,1,32.840639334782665,-117.20568422687214,2021-03-28 23:17:44.968,cxlvumjswhg48idh
1616973463979,1,32.840639475827054,-117.20568433074496,2021-03-28 23:17:43.979,cxlvumjswhg48idh
4925062708832,1,32.879284589132574,-117.22910502508692,2126-01-26 00:58:28.832,cn6ze22xqpb239it
4925062707781,1,32.879445150971925,-117.22907279079651,2126-01-26 00:58:27.781,cn6ze22xqpb239it
4925062706737,1,32.879602026909325,-117.2290433484037,2126-01-26 00:58:26.737,cn6ze22xqpb239it
4925062705665,1,32.87980004546842,-117.22900999949371,2126-01-26 00:58:25.665,cn6ze22xqpb239it
4925062704622,1,32.87994975490696,-117.22898901614187,2126-01-26 00:58:24.622,cn6ze22xqpb239it
1612658133844,1,32.874085480257875,-117.2097196090269,2021-02-07 00:35:33.844,cmk8kre5eju86f73
1612658143419,1,32.87408483737141,-117.20972049731216,2021-02-07 00:35:43.419,cmk8kre5eju86f73
1612658142372,1,32.874084870976404,-117.20972040785429,2021-02-07 00:35:42.372,cmk8kre5eju86f73
1612658141450,1,32.874084940835424,-117.20972036863071,2021-02-07 00:35:41.450,cmk8kre5eju86f73
1612658140407,1,32.87408497618427,-117.2097203164699,2021-02-07 00:35:40.407,cmk8kre5eju86f73
1612658139345,1,32.87408504572315,-117.2097202421064,2021-02-07 00:35:39.345,cmk8kre5eju86f73
1612658138107,1,32.874085124547136,-117.20972014500069,2021-02-07 00:35:38.107,cmk8kre5eju86f73
1612658137064,1,32.874085170820024,-117.20972003140314,2021-02-07 00:35:37.064,cmk8kre5eju86f73
1612658135972,1,32.874085253324985,-117.20971991292448,2021-02-07 00:35:35.972,cmk8kre5eju86f73
1612658134915,1,32.87408536635699,-117.20971977593359,2021-02-07 00:35:34.915,cmk8kre5eju86f73
1616698323064,1,32.876560565382945,-117.2298485166061,2021-03-25 18:52:03.064,cdoo4uj3ih9l34jl
1613863194258,1,32.87510585109227,-117.21695188785824,2021-02-20 23:19:54.258,ci8xtzzo32eylzvv
1483235271692,1,32.8752164854925,-117.21803900524395,2017-01-01 01:47:51.692,czh01dlda3s2bxny
1483235270663,1,32.87521647323149,-117.21796940247322,2017-01-01 01:47:50.663,czh01dlda3s2bxny
1483235272616,1,32.875216886075876,-117.21806754619509,2017-01-01 01:47:52.616,czh01dlda3s2bxny
1483233268545,2,32.87509715039881,-117.23350731548595,2017-01-01 01:14:28.545,cgl935fcdfmillfq
1483233273841,1,32.874549554977605,-117.23384508478708,2017-01-01 01:14:33.841,cgl935fcdfmillfq
1483233272800,1,32.8746675241006,-117.23378010414541,2017-01-01 01:14:32.800,cgl935fcdfmillfq
1483233271777,3,32.874777971031016,-117.23371460126155,2017-01-01 01:14:31.777,cgl935fcdfmillfq
1483233270719,1,32.87489212094522,-117.23364069274963,2017-01-01 01:14:30.719,cgl935fcdfmillfq
1612483183245,2,32.87680347512193,-117.2329865554391,2021-02-04 23:59:43.245,cspkgjawkyfpgj9s
1612483181294,1,32.87677094949818,-117.23276000789663,2021-02-04 23:59:41.294,cspkgjawkyfpgj9s
1612483178522,1,32.87668140065855,-117.23234029241728,2021-02-04 23:59:38.522,cspkgjawkyfpgj9s
1612483177514,1,32.876638634880706,-117.23215758585884,2021-02-04 23:59:37.514,cspkgjawkyfpgj9s
1612483176276,1,32.87657991238008,-117.23190712260737,2021-02-04 23:59:36.276,cspkgjawkyfpgj9s
1613863193341,2,32.875105695785024,-117.21709085506659,2021-02-20 23:19:53.341,cjrpjb62rh9a673d
1613863192365,2,32.87510542285035,-117.21724545205738,2021-02-20 23:19:52.365,cjrpjb62rh9a673d
1613863191153,1,32.87510569430548,-117.21744204326286,2021-02-20 23:19:51.153,cjrpjb62rh9a673d
1613863190320,1,32.875105840963826,-117.21754402171172,2021-02-20 23:19:50.320,cjrpjb62rh9a673d
1613863189500,1,32.875106197107854,-117.21765688064018,2021-02-20 23:19:49.500,cjrpjb62rh9a673d
1614905997576,1,32.87641837081238,-117.23115868960713,2021-03-05 00:59:57.576,c7cet1578nkvyevv
3600047495123,1,32.87210292677032,-117.23394798412336,2084-01-30 05:11:35.123,ck6opoy2wms6zh0a
3600047504380,1,32.87200606870481,-117.2339284698955,2084-01-30 05:11:44.380,ck6opoy2wms6zh0a
3600047499258,1,32.8720158630118,-117.23392515129305,2084-01-30 05:11:39.258,ck6opoy2wms6zh0a
3600047498250,1,32.87202796275306,-117.2339267857227,2084-01-30 05:11:38.250,ck6opoy2wms6zh0a
3600047497192,1,32.87204725578248,-117.23393040118499,2084-01-30 05:11:37.192,ck6opoy2wms6zh0a
3600047496261,1,32.87207246269066,-117.23393684507273,2084-01-30 05:11:36.261,ck6opoy2wms6zh0a
1616534616053,2,32.870972288214965,-117.243594728969,2021-03-23 21:23:36.053,ck6rupila4s4i80k
1616534625329,2,32.8709716169025,-117.24359394791271,2021-03-23 21:23:45.329,ck6rupila4s4i80k
1616534624268,2,32.87097173951157,-117.24359398716723,2021-03-23 21:23:44.268,ck6rupila4s4i80k
1616534623267,2,32.87097185307176,-117.24359403174557,2021-03-23 21:23:43.267,ck6rupila4s4i80k
1616534622313,2,32.87097189632994,-117.24359412214872,2021-03-23 21:23:42.313,ck6rupila4s4i80k
1616534621163,2,32.870972000067155,-117.24359421098984,2021-03-23 21:23:41.163,ck6rupila4s4i80k
1616534620228,2,32.87097206254213,-117.24359428335535,2021-03-23 21:23:40.228,ck6rupila4s4i80k
1616534619214,2,32.870972151651635,-117.24359441051449,2021-03-23 21:23:39.214,ck6rupila4s4i80k
1616534618163,2,32.87097221675269,-117.24359450333785,2021-03-23 21:23:38.163,ck6rupila4s4i80k
1616534617228,2,32.87097224699445,-117.24359460361052,2021-03-23 21:23:37.228,ck6rupila4s4i80k
1611883446169,1,32.86755733147563,-117.21887764142559,2021-01-29 01:24:06.169,cv8knyuxmu9vymlq
1611883448265,1,32.86764931229041,-117.21910142952859,2021-01-29 01:24:08.265,cv8knyuxmu9vymlq
1611883447218,1,32.86759634875613,-117.21897108532318,2021-01-29 01:24:07.218,cv8knyuxmu9vymlq
1610061470662,1,32.8768,-117.2332,2021-01-07 23:17:50.662,caipaygypmarqkvh
1610061477816,1,32.8766,-117.23200000000001,2021-01-07 23:17:57.816,caipaygypmarqkvh
1610061476924,1,32.8766,-117.2322,2021-01-07 23:17:56.924,caipaygypmarqkvh
1610061473800,1,32.8767,-117.2328,2021-01-07 23:17:53.800,caipaygypmarqkvh
1610061472786,1,32.8768,-117.2329,2021-01-07 23:17:52.786,caipaygypmarqkvh
1610061471693,1,32.8768,-117.2331,2021-01-07 23:17:51.693,caipaygypmarqkvh
1612658033680,3,32.8750998856322,-117.21465397523613,2021-02-07 00:33:53.680,ciiy0uwzigew7jhk
1612658040885,3,32.875107609372485,-117.21434093668077,2021-02-07 00:34:00.885,ciiy0uwzigew7jhk
1612658039822,3,32.875107779710376,-117.21434178555359,2021-02-07 00:33:59.822,ciiy0uwzigew7jhk
1612658038719,3,32.875108064939326,-117.21435218108931,2021-02-07 00:33:58.719,ciiy0uwzigew7jhk
1612658037654,3,32.8751080340238,-117.21437431521036,2021-02-07 00:33:57.654,ciiy0uwzigew7jhk
1612658036786,3,32.87510782234186,-117.2144077823332,2021-02-07 00:33:56.786,ciiy0uwzigew7jhk
1612658035734,3,32.8751070839062,-117.21446508282965,2021-02-07 00:33:55.734,ciiy0uwzigew7jhk
1612658034708,3,32.87510527154675,-117.21454130257428,2021-02-07 00:33:54.708,ciiy0uwzigew7jhk
1614905911207,5,32.88060529590237,-117.23081116016287,2021-03-05 00:58:31.207,cmsx5ndn0jzjvzhs
1612486168799,1,32.882805224131786,-117.23575294485552,2021-02-05 00:49:28.799,cigjs4hiads22jdb
1612486171963,4,32.8828664168868,-117.23541674353343,2021-02-05 00:49:31.963,cigjs4hiads22jdb
1612486170880,4,32.882841352980904,-117.23553861912788,2021-02-05 00:49:30.880,cigjs4hiads22jdb
1612486169858,3,32.88281892868286,-117.23565190049452,2021-02-05 00:49:29.858,cigjs4hiads22jdb
1616288518776,1,32.876487130301186,-117.24369551777042,2021-03-21 01:01:58.776,c1kqfish1h1yw1se
1616286003965,1,32.87202787426839,-117.23397279763708,2021-03-21 00:20:03.965,cxh9jxvrvlfov0aw
1616286013089,1,32.872028081864855,-117.23397106084471,2021-03-21 00:20:13.089,cxh9jxvrvlfov0aw
1616286012163,1,32.87202801605885,-117.2339712352674,2021-03-21 00:20:12.163,cxh9jxvrvlfov0aw
1616286011145,1,32.87202779294305,-117.23397181277916,2021-03-21 00:20:11.145,cxh9jxvrvlfov0aw
1616286010276,1,32.872027648697475,-117.23397204587471,2021-03-21 00:20:10.276,cxh9jxvrvlfov0aw
1616286009327,1,32.872027496509595,-117.23397227077908,2021-03-21 00:20:09.327,cxh9jxvrvlfov0aw
1616286008432,1,32.87202743049752,-117.23397237577365,2021-03-21 00:20:08.432,cxh9jxvrvlfov0aw
1616286007142,1,32.87202745221562,-117.23397263578998,2021-03-21 00:20:07.142,cxh9jxvrvlfov0aw
1616286006112,1,32.87202753184921,-117.23397270086096,2021-03-21 00:20:06.112,cxh9jxvrvlfov0aw
1616286005007,1,32.87202769842278,-117.23397278708393,2021-03-21 00:20:05.007,cxh9jxvrvlfov0aw
1612138258069,1,32.879924918193204,-117.22899626343752,2021-02-01 00:10:58.069,cxz4teua32fvnuy0
1612138264328,1,32.87908024987413,-117.22915299029434,2021-02-01 00:11:04.328,cxz4teua32fvnuy0
1612138263342,1,32.879215763503424,-117.22912338088774,2021-02-01 00:11:03.342,cxz4teua32fvnuy0
1483233334920,1,32.871527733962964,-117.23234841604692,2017-01-01 01:15:34.920,cwtx6q4q8s6g4jig
1483233333852,1,32.87152623498469,-117.23247151797894,2017-01-01 01:15:33.852,cwtx6q4q8s6g4jig
1483233332780,1,32.87152517205839,-117.23263322594187,2017-01-01 01:15:32.780,cwtx6q4q8s6g4jig
1483233331703,1,32.871524915214835,-117.2327539207024,2017-01-01 01:15:31.703,cwtx6q4q8s6g4jig
1483233330704,1,32.87152484931056,-117.23286679670544,2017-01-01 01:15:30.704,cwtx6q4q8s6g4jig
1483233329659,1,32.87152453535164,-117.23297731972505,2017-01-01 01:15:29.659,cwtx6q4q8s6g4jig
1616972387811,1,32.88021881903669,-117.23319394505666,2021-03-28 22:59:47.811,c7lnsi1m0g1nq9c0
1616972386929,1,32.880190135664876,-117.23324010242581,2021-03-28 22:59:46.929,c7lnsi1m0g1nq9c0
1616972385923,1,32.880158463674604,-117.23329972028843,2021-03-28 22:59:45.923,c7lnsi1m0g1nq9c0
1616972384016,1,32.88010667613449,-117.23344615394232,2021-03-28 22:59:44.016,c7lnsi1m0g1nq9c0
1616972382808,2,32.880088415042486,-117.23354198259148,2021-03-28 22:59:42.808,c7lnsi1m0g1nq9c0
1616972381680,1,32.88007872705216,-117.23364088667955,2021-03-28 22:59:41.680,c7lnsi1m0g1nq9c0
1612398094424,1,32.871787495758376,-117.23389536318196,2021-02-04 00:21:34.424,ckdhrcoguqmmeouy
1612398102656,1,32.87153464451367,-117.23329322627977,2021-02-04 00:21:42.656,ckdhrcoguqmmeouy
1612398101699,1,32.871536677894376,-117.23341955753976,2021-02-04 00:21:41.699,ckdhrcoguqmmeouy
1612398100644,1,32.87154248362766,-117.23353720112421,2021-02-04 00:21:40.644,ckdhrcoguqmmeouy
1612398099555,1,32.871555926764835,-117.23366260490029,2021-02-04 00:21:39.555,ckdhrcoguqmmeouy
1612398098545,1,32.87157366333214,-117.23374385036087,2021-02-04 00:21:38.545,ckdhrcoguqmmeouy
1612398097480,3,32.87160809974748,-117.23381325367627,2021-02-04 00:21:37.480,ckdhrcoguqmmeouy
1612398096467,3,32.871660503478395,-117.23386262820982,2021-02-04 00:21:36.467,ckdhrcoguqmmeouy
1612398095419,1,32.871722693840226,-117.23388723457704,2021-02-04 00:21:35.419,ckdhrcoguqmmeouy
1611881888143,1,32.87246538206453,-117.23415012331196,2021-01-29 00:58:08.143,cc4520vl67r1xzyz
1611881897352,1,32.87246445196697,-117.23415022350937,2021-01-29 00:58:17.352,cc4520vl67r1xzyz
1611881896118,1,32.872464823659364,-117.23414976187715,2021-01-29 00:58:16.118,cc4520vl67r1xzyz
1611881895125,1,32.87246504484066,-117.23414942201286,2021-01-29 00:58:15.125,cc4520vl67r1xzyz
1611881893922,1,32.87246522591947,-117.2341491163168,2021-01-29 00:58:13.922,cc4520vl67r1xzyz
1611881892774,1,32.87246537471917,-117.23414890410908,2021-01-29 00:58:12.774,cc4520vl67r1xzyz
1611881891983,1,32.872465433348324,-117.23414886794085,2021-01-29 00:58:11.983,cc4520vl67r1xzyz
1611881891078,1,32.87246545992161,-117.23414896339199,2021-01-29 00:58:11.078,cc4520vl67r1xzyz
1611881890116,1,32.87246545884785,-117.2341491744715,2021-01-29 00:58:10.116,cc4520vl67r1xzyz
1611881889130,1,32.87246542077966,-117.2341495736946,2021-01-29 00:58:09.130,cc4520vl67r1xzyz
1612138308281,2,32.875940869863875,-117.22854033562449,2021-02-01 00:11:48.281,cz2r4yssiuov245e
1612138313559,3,32.875896963417524,-117.22822271761612,2021-02-01 00:11:53.559,cz2r4yssiuov245e
1612138312423,3,32.875909715655176,-117.22831838820588,2021-02-01 00:11:52.423,cz2r4yssiuov245e
1612138311431,2,32.875918608399736,-117.22838645599613,2021-02-01 00:11:51.431,cz2r4yssiuov245e
1612138310355,2,32.87592717644129,-117.2284476084656,2021-02-01 00:11:50.355,cz2r4yssiuov245e
1612138309345,2,32.87593456296659,-117.22849928452852,2021-02-01 00:11:49.345,cz2r4yssiuov245e
1616698556437,1,32.87510369412656,-117.21806454088444,2021-03-25 18:55:56.437,csh1ugflszw8v98v
1615681144554,1,32.871621490619695,-117.23357235743109,2021-03-14 00:19:04.554,c6rvapb7j1u91wlc
1611883361946,2,32.865324122944195,-117.20833851639816,2021-01-29 01:22:41.946,c5nil0qsbqpd7fi1
1611883365168,2,32.865508964970005,-117.20856024593724,2021-01-29 01:22:45.168,c5nil0qsbqpd7fi1
1611883363990,2,32.86541147298071,-117.20844384586245,2021-01-29 01:22:43.990,c5nil0qsbqpd7fi1
1611883362970,2,32.86535791346523,-117.20837901326428,2021-01-29 01:22:42.970,c5nil0qsbqpd7fi1
1611350297332,1,32.88084282974213,-117.23025220890727,2021-01-22 21:18:17.332,cxnzh6arljz2x8uh
1611350306509,1,32.880839263264264,-117.23024960360912,2021-01-22 21:18:26.509,cxnzh6arljz2x8uh
1611350305427,1,32.880839547752394,-117.23024907934645,2021-01-22 21:18:25.427,cxnzh6arljz2x8uh
1611350304521,1,32.88083999288761,-117.23024864538952,2021-01-22 21:18:24.521,cxnzh6arljz2x8uh
1611350303505,1,32.88084046113789,-117.23024827969172,2021-01-22 21:18:23.505,cxnzh6arljz2x8uh
1611350302423,1,32.88084095995173,-117.23024813038349,2021-01-22 21:18:22.423,cxnzh6arljz2x8uh
1611350301452,1,32.88084153204765,-117.23024824877217,2021-01-22 21:18:21.452,cxnzh6arljz2x8uh
1611350300447,1,32.88084213487649,-117.23024876846651,2021-01-22 21:18:20.447,cxnzh6arljz2x8uh
1611350299357,1,32.88084264184581,-117.23024960268559,2021-01-22 21:18:19.357,cxnzh6arljz2x8uh
1611350298381,1,32.880842869737094,-117.23025071819424,2021-01-22 21:18:18.381,cxnzh6arljz2x8uh
1616368927357,1,32.85720680103664,-117.22845667644572,2021-03-21 23:22:07.357,cfbqk2pipj8joxzr
1616368928357,1,32.85727888860356,-117.22860075853926,2021-03-21 23:22:08.357,cfbqk2pipj8joxzr
1611881865421,1,32.87266804916894,-117.23424698542931,2021-01-29 00:57:45.421,c6dw61urwx7k2ont
1611881864478,1,32.87273782175444,-117.23427358948572,2021-01-29 00:57:44.478,c6dw61urwx7k2ont
1611881863564,1,32.872820376124004,-117.23430521296378,2021-01-29 00:57:43.564,c6dw61urwx7k2ont
1611881862559,1,32.87291205000826,-117.2343396586302,2021-01-29 00:57:42.559,c6dw61urwx7k2ont
1611881860478,1,32.87319815769223,-117.23436197942695,2021-01-29 00:57:40.478,c6dw61urwx7k2ont
1611881859397,1,32.87333671485175,-117.23434961722765,2021-01-29 00:57:39.397,c6dw61urwx7k2ont
1616368994454,2,32.86552726390702,-117.22694493141485,2021-03-21 23:23:14.454,cokndgx7s8dzxbri
1616701932368,1,32.8685195387216,-117.22351576438628,2021-03-25 19:52:12.368,c6i7ki02bvg7g0ht
1616701931367,2,32.86851470729209,-117.22334531516165,2021-03-25 19:52:11.367,c6i7ki02bvg7g0ht
1612657883295,2,32.87755107977558,-117.22309484403236,2021-02-07 00:31:23.295,c2a3d86ers6e3vyz
1612657892715,1,32.87752532296126,-117.22237579781229,2021-02-07 00:31:32.715,c2a3d86ers6e3vyz
1612657891715,1,32.877525763520964,-117.22238768656176,2021-02-07 00:31:31.715,c2a3d86ers6e3vyz
1612657890576,1,32.87752704791125,-117.22242619322284,2021-02-07 00:31:30.576,c2a3d86ers6e3vyz
1612657889435,3,32.87752877026549,-117.22247635490507,2021-02-07 00:31:29.435,c2a3d86ers6e3vyz
1612657888404,2,32.87753069521565,-117.22254432991876,2021-02-07 00:31:28.404,c2a3d86ers6e3vyz
1612657887462,2,32.87753214234138,-117.22261859096848,2021-02-07 00:31:27.462,c2a3d86ers6e3vyz
1612657886428,2,32.877533090973266,-117.22273345068018,2021-02-07 00:31:26.428,c2a3d86ers6e3vyz
1612657885361,2,32.877533993195065,-117.22284121186009,2021-02-07 00:31:25.361,c2a3d86ers6e3vyz
1612657884320,2,32.87753932460456,-117.22295766324685,2021-02-07 00:31:24.320,c2a3d86ers6e3vyz
1483235273504,5,32.87521748749696,-117.2180855298817,2017-01-01 01:47:53.504,c7gukmhno0a3xn8b
1483235282626,1,32.875459289170365,-117.2182115571082,2017-01-01 01:48:02.626,c7gukmhno0a3xn8b
1483235281711,1,32.87536729928184,-117.21821026480387,2017-01-01 01:48:01.711,c7gukmhno0a3xn8b
1483235280796,1,32.875294074782836,-117.21820654082457,2017-01-01 01:48:00.796,c7gukmhno0a3xn8b
1483235279647,1,32.875229712434475,-117.2181655016004,2017-01-01 01:47:59.647,c7gukmhno0a3xn8b
1483235278673,1,32.87521614641992,-117.2181255903656,2017-01-01 01:47:58.673,c7gukmhno0a3xn8b
1483235277612,1,32.87521527025566,-117.21810521880657,2017-01-01 01:47:57.612,c7gukmhno0a3xn8b
1483235276616,1,32.87521539324917,-117.21810368584164,2017-01-01 01:47:56.616,c7gukmhno0a3xn8b
1483235275557,1,32.875215578347635,-117.21810342953026,2017-01-01 01:47:55.557,c7gukmhno0a3xn8b
1483235274556,2,32.875215914921284,-117.2181019817894,2017-01-01 01:47:54.556,c7gukmhno0a3xn8b
1616286567754,1,32.84026912103049,-117.27355236850843,2021-03-21 00:29:27.754,cfknt94qegwj1hy9
1616286566652,1,32.840269038363765,-117.27355248637402,2021-03-21 00:29:26.652,cfknt94qegwj1hy9
1612140492770,2,32.8775104519278,-117.18640533093887,2021-02-01 00:48:12.770,cx07owuiznkg4z67
1612140491837,2,32.87735912971933,-117.18635283278186,2021-02-01 00:48:11.837,cx07owuiznkg4z67
1612140490861,3,32.877257705723856,-117.18633030904013,2021-02-01 00:48:10.861,cx07owuiznkg4z67
1612140489940,2,32.87717157971672,-117.18631857924886,2021-02-01 00:48:09.940,cx07owuiznkg4z67
1612140488956,1,32.87710213042168,-117.18630807598306,2021-02-01 00:48:08.956,cx07owuiznkg4z67
1612313728590,1,32.876458020391595,-117.231379374616,2021-02-03 00:55:28.590,cvz8fe3k76slkxaa
1612313727604,1,32.87641818289789,-117.23119930141873,2021-02-03 00:55:27.604,cvz8fe3k76slkxaa
1612313733665,1,32.87667967686841,-117.23231280697928,2021-02-03 00:55:33.665,cvz8fe3k76slkxaa
1483233206566,1,32.876690263046214,-117.23232463503011,2017-01-01 01:13:26.566,clgyhvnr1jyop8jf
1483233205529,1,32.87665549316189,-117.232184365069,2017-01-01 01:13:25.529,clgyhvnr1jyop8jf
1483233204497,1,32.876619336101236,-117.23203679302692,2017-01-01 01:13:24.497,clgyhvnr1jyop8jf
1483233207427,1,32.876721392569074,-117.23245115553343,2017-01-01 01:13:27.427,clgyhvnr1jyop8jf
1613159031673,1,32.876748323770165,-117.23254766813172,2021-02-12 19:43:51.673,ch2967lndh56a4cd
1610059355336,1,32.87259017760465,-117.2342177065881,2021-01-07 22:42:35.336,cqwr46knt7t1989w
1610059357374,1,32.87248178895881,-117.23415828089772,2021-01-07 22:42:37.374,cqwr46knt7t1989w
1610059356389,1,32.87253873133974,-117.23418972559601,2021-01-07 22:42:36.389,cqwr46knt7t1989w
1611350618190,1,32.87180816642825,-117.22998211041642,2021-01-22 21:23:38.190,cscjsaehslyqwgrq
1611350619241,1,32.871838766839936,-117.22983445986915,2021-01-22 21:23:39.241,cscjsaehslyqwgrq
